2025-10-21 02:10:57 [[32minfo[39m]: [32mMongoDB connected Successfully[39m
2025-10-21 02:10:57 [[32minfo[39m]: [32m[39m
[32m                🚀 SERVER STARTED SUCCESSFULLY[39m
[32m                Environment: DEVELOPMENT                               [39m
[32m                Port: 5000                                              [39m
[32m                URL: http://localhost:5000                                 [39m

[32m                📡 Socket.io: Running[39m
[32m                💾 MongoDB: Connected[39m
[32m                🔴 Redis: Connected [39m
[32m[39m
2025-10-21 02:11:43 [[32minfo[39m]: [32mMongoDB connected Successfully[39m
2025-10-21 02:11:43 [[32minfo[39m]: [32m[39m
[32m        🚀 SERVER STARTED SUCCESSFULLY[39m
[32m        Environment: DEVELOPMENT                               [39m
[32m        Port: 5000                                              [39m
[32m        URL: http://localhost:5000                                 [39m

[32m        📡 Socket.io: Running[39m
[32m        💾 MongoDB: Connected[39m
[32m        🔴 Redis: Connected [39m
[32m[39m
2025-10-21 22:02:17 [[32minfo[39m]: [32mMongoDB connected Successfully[39m
2025-10-21 22:02:17 [[32minfo[39m]: [32m[39m
[32m        🚀 SERVER STARTED SUCCESSFULLY[39m
[32m        Environment: DEVELOPMENT                               [39m
[32m        Port: 5000                                              [39m
[32m        URL: http://localhost:5000                                 [39m

[32m        📡 Socket.io: Running[39m
[32m        💾 MongoDB: Connected[39m
[32m        🔴 Redis: Connected [39m
[32m[39m
2025-10-21 22:13:24 [[32minfo[39m]: [32mMongoDB connected Successfully[39m
2025-10-21 22:13:24 [[32minfo[39m]: [32m[39m
[32m        🚀 SERVER STARTED SUCCESSFULLY[39m
[32m        Environment: DEVELOPMENT                               [39m
[32m        Port: 5000                                              [39m
[32m        URL: http://localhost:5000                                 [39m

[32m        📡 Socket.io: Running[39m
[32m        💾 MongoDB: Connected[39m
[32m        🔴 Redis: Connected [39m
[32m[39m
2025-10-21 22:29:43 [[32minfo[39m]: [32mMongoDB connected Successfully[39m
2025-10-21 22:29:43 [[32minfo[39m]: [32m[39m
[32m        🚀 SERVER STARTED SUCCESSFULLY[39m
[32m        Environment: DEVELOPMENT                               [39m
[32m        Port: 5000                                              [39m
[32m        URL: http://localhost:5000                                 [39m

[32m        📡 Socket.io: Running[39m
[32m        💾 MongoDB: Connected[39m
[32m        🔴 Redis: Connected [39m
[32m[39m
2025-10-21 17:09:58 [[32minfo[39m]: [32mMongoDB connected Successfully[39m
2025-10-21 17:09:58 [[32minfo[39m]: [32m[39m
[32m        🚀 SERVER STARTED SUCCESSFULLY[39m
[32m        Environment: DEVELOPMENT                               [39m
[32m        Port: 5000                                              [39m
[32m        URL: http://localhost:5000                                 [39m

[32m        📡 Socket.io: Running[39m
[32m        💾 MongoDB: Connected[39m
[32m        🔴 Redis: Connected [39m
[32m[39m
2025-10-21 22:41:08 [[32minfo[39m]: [32mMongoDB connected Successfully[39m
2025-10-21 22:41:08 [[32minfo[39m]: [32m[39m
[32m        🚀 SERVER STARTED SUCCESSFULLY[39m
[32m        Environment: DEVELOPMENT                               [39m
[32m        Port: 5000                                              [39m
[32m        URL: http://localhost:5000                                 [39m

[32m        📡 Socket.io: Running[39m
[32m        💾 MongoDB: Connected[39m
[32m        🔴 Redis: Connected [39m
[32m[39m
2025-10-21 22:41:41 [[32minfo[39m]: [32mMongoDB connected Successfully[39m
2025-10-21 22:41:41 [[32minfo[39m]: [32m[39m
[32m        🚀 SERVER STARTED SUCCESSFULLY[39m
[32m        Environment: DEVELOPMENT                               [39m
[32m        Port: 5000                                              [39m
[32m        URL: http://localhost:5000                                 [39m

[32m        📡 Socket.io: Running[39m
[32m        💾 MongoDB: Connected[39m
[32m        🔴 Redis: Connected [39m
[32m[39m
2025-10-21 22:42:13 [[32minfo[39m]: [32mMongoDB connected Successfully[39m
2025-10-21 22:42:13 [[32minfo[39m]: [32m[39m
[32m        🚀 SERVER STARTED SUCCESSFULLY[39m
[32m        Environment: DEVELOPMENT                               [39m
[32m        Port: 5000                                              [39m
[32m        URL: http://localhost:5000                                 [39m

[32m        📡 Socket.io: Running[39m
[32m        💾 MongoDB: Connected[39m
[32m        🔴 Redis: Connected [39m
[32m[39m
2025-10-21 23:37:24 [[32minfo[39m]: [32mMongoDB connected Successfully[39m
2025-10-21 23:37:24 [[32minfo[39m]: [32m[39m
[32m        🚀 SERVER STARTED SUCCESSFULLY[39m
[32m        Environment: DEVELOPMENT                               [39m
[32m        Port: 5000                                              [39m
[32m        URL: http://localhost:5000                                 [39m

[32m        📡 Socket.io: Running[39m
[32m        💾 MongoDB: Connected[39m
[32m        🔴 Redis: Connected [39m
[32m[39m
2025-10-21 23:41:17 [[32minfo[39m]: [32mMongoDB connected Successfully[39m
2025-10-21 23:41:17 [[32minfo[39m]: [32m[39m
[32m        🚀 SERVER STARTED SUCCESSFULLY[39m
[32m        Environment: DEVELOPMENT                               [39m
[32m        Port: 5000                                              [39m
[32m        URL: http://localhost:5000                                 [39m

[32m        📡 Socket.io: Running[39m
[32m        💾 MongoDB: Connected[39m
[32m        🔴 Redis: Connected [39m
[32m[39m
2025-10-21 23:41:21 [[32minfo[39m]: [32m::1 - - [21/Oct/2025:18:11:21 +0000] "GET /api/something HTTP/1.1" 200 59 "-" "Mozilla/5.0 (Windows NT 10.0; Win64; x64) AppleWebKit/537.36 (KHTML, like Gecko) Chrome/141.0.0.0 Safari/537.36"[39m
2025-10-21 23:41:21 [[32minfo[39m]: [32m::1 - - [21/Oct/2025:18:11:21 +0000] "GET /favicon.ico HTTP/1.1" 404 150 "-" "Mozilla/5.0 (Windows NT 10.0; Win64; x64) AppleWebKit/537.36 (KHTML, like Gecko) Chrome/141.0.0.0 Safari/537.36"[39m
2025-10-21 23:46:00 [[32minfo[39m]: [32mMongoDB connected Successfully[39m
2025-10-21 23:46:00 [[32minfo[39m]: [32m[39m
[32m        🚀 SERVER STARTED SUCCESSFULLY[39m
[32m        Environment: DEVELOPMENT                               [39m
[32m        Port: 5000                                              [39m
[32m        URL: http://localhost:5000                                 [39m

[32m        📡 Socket.io: Running[39m
[32m        💾 MongoDB: Connected[39m
[32m        🔴 Redis: Connected [39m
[32m[39m
2025-10-21 23:46:06 [[32minfo[39m]: [32mMongoDB connected Successfully[39m
2025-10-21 23:46:06 [[32minfo[39m]: [32m[39m
[32m        🚀 SERVER STARTED SUCCESSFULLY[39m
[32m        Environment: DEVELOPMENT                               [39m
[32m        Port: 5000                                              [39m
[32m        URL: http://localhost:5000                                 [39m

[32m        📡 Socket.io: Running[39m
[32m        💾 MongoDB: Connected[39m
[32m        🔴 Redis: Connected [39m
[32m[39m
2025-10-21 23:47:01 [[32minfo[39m]: [32mMongoDB connected Successfully[39m
2025-10-21 23:47:01 [[32minfo[39m]: [32m[39m
[32m        🚀 SERVER STARTED SUCCESSFULLY[39m
[32m        Environment: DEVELOPMENT                               [39m
[32m        Port: 5000                                              [39m
[32m        URL: http://localhost:5000                                 [39m

[32m        📡 Socket.io: Running[39m
[32m        💾 MongoDB: Connected[39m
[32m        🔴 Redis: Connected [39m
[32m[39m
2025-10-21 23:47:46 [[32minfo[39m]: [32mMongoDB connected Successfully[39m
2025-10-21 23:47:46 [[32minfo[39m]: [32m[39m
[32m        🚀 SERVER STARTED SUCCESSFULLY[39m
[32m        Environment: DEVELOPMENT                               [39m
[32m        Port: 5000                                              [39m
[32m        URL: http://localhost:5000                                 [39m

[32m        📡 Socket.io: Running[39m
[32m        💾 MongoDB: Connected[39m
[32m        🔴 Redis: Connected [39m
[32m[39m
2025-10-21 23:47:54 [[32minfo[39m]: [32mMongoDB connected Successfully[39m
2025-10-21 23:47:54 [[32minfo[39m]: [32m[39m
[32m        🚀 SERVER STARTED SUCCESSFULLY[39m
[32m        Environment: DEVELOPMENT                               [39m
[32m        Port: 5000                                              [39m
[32m        URL: http://localhost:5000                                 [39m

[32m        📡 Socket.io: Running[39m
[32m        💾 MongoDB: Connected[39m
[32m        🔴 Redis: Connected [39m
[32m[39m
2025-10-21 23:48:27 [[32minfo[39m]: [32mMongoDB connected Successfully[39m
2025-10-21 23:48:27 [[32minfo[39m]: [32m[39m
[32m        🚀 SERVER STARTED SUCCESSFULLY[39m
[32m        Environment: DEVELOPMENT                               [39m
[32m        Port: 5000                                              [39m
[32m        URL: http://localhost:5000                                 [39m

[32m        📡 Socket.io: Running[39m
[32m        💾 MongoDB: Connected[39m
[32m        🔴 Redis: Connected [39m
[32m[39m
2025-10-21 23:48:39 [[32minfo[39m]: [32mMongoDB connected Successfully[39m
2025-10-21 23:48:39 [[32minfo[39m]: [32m[39m
[32m        🚀 SERVER STARTED SUCCESSFULLY[39m
[32m        Environment: DEVELOPMENT                               [39m
[32m        Port: 5000                                              [39m
[32m        URL: http://localhost:5000                                 [39m

[32m        📡 Socket.io: Running[39m
[32m        💾 MongoDB: Connected[39m
[32m        🔴 Redis: Connected [39m
[32m[39m
2025-10-21 23:49:29 [[32minfo[39m]: [32mMongoDB connected Successfully[39m
2025-10-21 23:49:29 [[32minfo[39m]: [32m[39m
[32m        🚀 SERVER STARTED SUCCESSFULLY[39m
[32m        Environment: DEVELOPMENT                               [39m
[32m        Port: 5000                                              [39m
[32m        URL: http://localhost:5000                                 [39m

[32m        📡 Socket.io: Running[39m
[32m        💾 MongoDB: Connected[39m
[32m        🔴 Redis: Connected [39m
[32m[39m
2025-10-21 23:49:44 [[32minfo[39m]: [32mMongoDB connected Successfully[39m
2025-10-21 23:49:44 [[32minfo[39m]: [32m[39m
[32m        🚀 SERVER STARTED SUCCESSFULLY[39m
[32m        Environment: DEVELOPMENT                               [39m
[32m        Port: 5000                                              [39m
[32m        URL: http://localhost:5000                                 [39m

[32m        📡 Socket.io: Running[39m
[32m        💾 MongoDB: Connected[39m
[32m        🔴 Redis: Connected [39m
[32m[39m
2025-10-21 23:50:06 [[32minfo[39m]: [32mMongoDB connected Successfully[39m
2025-10-21 23:50:06 [[32minfo[39m]: [32m[39m
[32m        🚀 SERVER STARTED SUCCESSFULLY[39m
[32m        Environment: DEVELOPMENT                               [39m
[32m        Port: 5000                                              [39m
[32m        URL: http://localhost:5000                                 [39m

[32m        📡 Socket.io: Running[39m
[32m        💾 MongoDB: Connected[39m
[32m        🔴 Redis: Connected [39m
[32m[39m
2025-10-21 23:53:55 [[32minfo[39m]: [32mMongoDB connected Successfully[39m
2025-10-21 23:53:55 [[32minfo[39m]: [32m[39m
[32m        🚀 SERVER STARTED SUCCESSFULLY[39m
[32m        Environment: DEVELOPMENT                               [39m
[32m        Port: 5000                                              [39m
[32m        URL: http://localhost:5000                                 [39m

[32m        📡 Socket.io: Running[39m
[32m        💾 MongoDB: Connected[39m
[32m        🔴 Redis: Connected [39m
[32m[39m
2025-10-21 23:54:07 [[32minfo[39m]: [32mMongoDB connected Successfully[39m
2025-10-21 23:54:07 [[32minfo[39m]: [32m[39m
[32m        🚀 SERVER STARTED SUCCESSFULLY[39m
[32m        Environment: DEVELOPMENT                               [39m
[32m        Port: 5000                                              [39m
[32m        URL: http://localhost:5000                                 [39m

[32m        📡 Socket.io: Running[39m
[32m        💾 MongoDB: Connected[39m
[32m        🔴 Redis: Connected [39m
[32m[39m
2025-10-21 23:54:24 [[32minfo[39m]: [32mMongoDB connected Successfully[39m
2025-10-21 23:54:24 [[32minfo[39m]: [32m[39m
[32m        🚀 SERVER STARTED SUCCESSFULLY[39m
[32m        Environment: DEVELOPMENT                               [39m
[32m        Port: 5000                                              [39m
[32m        URL: http://localhost:5000                                 [39m

[32m        📡 Socket.io: Running[39m
[32m        💾 MongoDB: Connected[39m
[32m        🔴 Redis: Connected [39m
[32m[39m
2025-10-21 23:54:26 [[32minfo[39m]: [32mMongoDB connected Successfully[39m
2025-10-21 23:54:26 [[32minfo[39m]: [32m[39m
[32m        🚀 SERVER STARTED SUCCESSFULLY[39m
[32m        Environment: DEVELOPMENT                               [39m
[32m        Port: 5000                                              [39m
[32m        URL: http://localhost:5000                                 [39m

[32m        📡 Socket.io: Running[39m
[32m        💾 MongoDB: Connected[39m
[32m        🔴 Redis: Connected [39m
[32m[39m
2025-10-21 23:54:29 [[32minfo[39m]: [32mMongoDB connected Successfully[39m
2025-10-21 23:54:29 [[32minfo[39m]: [32m[39m
[32m        🚀 SERVER STARTED SUCCESSFULLY[39m
[32m        Environment: DEVELOPMENT                               [39m
[32m        Port: 5000                                              [39m
[32m        URL: http://localhost:5000                                 [39m

[32m        📡 Socket.io: Running[39m
[32m        💾 MongoDB: Connected[39m
[32m        🔴 Redis: Connected [39m
[32m[39m
2025-10-21 23:54:31 [[32minfo[39m]: [32mMongoDB connected Successfully[39m
2025-10-21 23:54:31 [[32minfo[39m]: [32m[39m
[32m        🚀 SERVER STARTED SUCCESSFULLY[39m
[32m        Environment: DEVELOPMENT                               [39m
[32m        Port: 5000                                              [39m
[32m        URL: http://localhost:5000                                 [39m

[32m        📡 Socket.io: Running[39m
[32m        💾 MongoDB: Connected[39m
[32m        🔴 Redis: Connected [39m
[32m[39m
2025-10-21 23:54:33 [[32minfo[39m]: [32mMongoDB connected Successfully[39m
2025-10-21 23:54:33 [[32minfo[39m]: [32m[39m
[32m        🚀 SERVER STARTED SUCCESSFULLY[39m
[32m        Environment: DEVELOPMENT                               [39m
[32m        Port: 5000                                              [39m
[32m        URL: http://localhost:5000                                 [39m

[32m        📡 Socket.io: Running[39m
[32m        💾 MongoDB: Connected[39m
[32m        🔴 Redis: Connected [39m
[32m[39m
2025-10-21 23:54:41 [[32minfo[39m]: [32mMongoDB connected Successfully[39m
2025-10-21 23:54:41 [[32minfo[39m]: [32m[39m
[32m        🚀 SERVER STARTED SUCCESSFULLY[39m
[32m        Environment: DEVELOPMENT                               [39m
[32m        Port: 5000                                              [39m
[32m        URL: http://localhost:5000                                 [39m

[32m        📡 Socket.io: Running[39m
[32m        💾 MongoDB: Connected[39m
[32m        🔴 Redis: Connected [39m
[32m[39m
2025-10-21 23:54:45 [[32minfo[39m]: [32mMongoDB connected Successfully[39m
2025-10-21 23:54:45 [[32minfo[39m]: [32m[39m
[32m        🚀 SERVER STARTED SUCCESSFULLY[39m
[32m        Environment: DEVELOPMENT                               [39m
[32m        Port: 5000                                              [39m
[32m        URL: http://localhost:5000                                 [39m

[32m        📡 Socket.io: Running[39m
[32m        💾 MongoDB: Connected[39m
[32m        🔴 Redis: Connected [39m
[32m[39m
2025-10-21 23:54:47 [[32minfo[39m]: [32mMongoDB connected Successfully[39m
2025-10-21 23:54:47 [[32minfo[39m]: [32m[39m
[32m        🚀 SERVER STARTED SUCCESSFULLY[39m
[32m        Environment: DEVELOPMENT                               [39m
[32m        Port: 5000                                              [39m
[32m        URL: http://localhost:5000                                 [39m

[32m        📡 Socket.io: Running[39m
[32m        💾 MongoDB: Connected[39m
[32m        🔴 Redis: Connected [39m
[32m[39m
2025-10-21 23:54:50 [[32minfo[39m]: [32mMongoDB connected Successfully[39m
2025-10-21 23:54:50 [[32minfo[39m]: [32m[39m
[32m        🚀 SERVER STARTED SUCCESSFULLY[39m
[32m        Environment: DEVELOPMENT                               [39m
[32m        Port: 5000                                              [39m
[32m        URL: http://localhost:5000                                 [39m

[32m        📡 Socket.io: Running[39m
[32m        💾 MongoDB: Connected[39m
[32m        🔴 Redis: Connected [39m
[32m[39m
2025-10-21 23:54:59 [[32minfo[39m]: [32mMongoDB connected Successfully[39m
2025-10-21 23:54:59 [[32minfo[39m]: [32m[39m
[32m        🚀 SERVER STARTED SUCCESSFULLY[39m
[32m        Environment: DEVELOPMENT                               [39m
[32m        Port: 5000                                              [39m
[32m        URL: http://localhost:5000                                 [39m

[32m        📡 Socket.io: Running[39m
[32m        💾 MongoDB: Connected[39m
[32m        🔴 Redis: Connected [39m
[32m[39m
2025-10-21 23:55:06 [[32minfo[39m]: [32mMongoDB connected Successfully[39m
2025-10-21 23:55:06 [[32minfo[39m]: [32m[39m
[32m        🚀 SERVER STARTED SUCCESSFULLY[39m
[32m        Environment: DEVELOPMENT                               [39m
[32m        Port: 5000                                              [39m
[32m        URL: http://localhost:5000                                 [39m

[32m        📡 Socket.io: Running[39m
[32m        💾 MongoDB: Connected[39m
[32m        🔴 Redis: Connected [39m
[32m[39m
2025-10-21 23:55:09 [[32minfo[39m]: [32mMongoDB connected Successfully[39m
2025-10-21 23:55:09 [[32minfo[39m]: [32m[39m
[32m        🚀 SERVER STARTED SUCCESSFULLY[39m
[32m        Environment: DEVELOPMENT                               [39m
[32m        Port: 5000                                              [39m
[32m        URL: http://localhost:5000                                 [39m

[32m        📡 Socket.io: Running[39m
[32m        💾 MongoDB: Connected[39m
[32m        🔴 Redis: Connected [39m
[32m[39m
2025-10-21 23:55:16 [[32minfo[39m]: [32mMongoDB connected Successfully[39m
2025-10-21 23:55:16 [[32minfo[39m]: [32m[39m
[32m        🚀 SERVER STARTED SUCCESSFULLY[39m
[32m        Environment: DEVELOPMENT                               [39m
[32m        Port: 5000                                              [39m
[32m        URL: http://localhost:5000                                 [39m

[32m        📡 Socket.io: Running[39m
[32m        💾 MongoDB: Connected[39m
[32m        🔴 Redis: Connected [39m
[32m[39m
2025-10-21 23:55:24 [[32minfo[39m]: [32mMongoDB connected Successfully[39m
2025-10-21 23:55:24 [[32minfo[39m]: [32m[39m
[32m        🚀 SERVER STARTED SUCCESSFULLY[39m
[32m        Environment: DEVELOPMENT                               [39m
[32m        Port: 5000                                              [39m
[32m        URL: http://localhost:5000                                 [39m

[32m        📡 Socket.io: Running[39m
[32m        💾 MongoDB: Connected[39m
[32m        🔴 Redis: Connected [39m
[32m[39m
2025-10-21 23:55:26 [[32minfo[39m]: [32mMongoDB connected Successfully[39m
2025-10-21 23:55:26 [[32minfo[39m]: [32m[39m
[32m        🚀 SERVER STARTED SUCCESSFULLY[39m
[32m        Environment: DEVELOPMENT                               [39m
[32m        Port: 5000                                              [39m
[32m        URL: http://localhost:5000                                 [39m

[32m        📡 Socket.io: Running[39m
[32m        💾 MongoDB: Connected[39m
[32m        🔴 Redis: Connected [39m
[32m[39m
2025-10-21 23:56:10 [[32minfo[39m]: [32mMongoDB connected Successfully[39m
2025-10-21 23:56:10 [[32minfo[39m]: [32m[39m
[32m        🚀 SERVER STARTED SUCCESSFULLY[39m
[32m        Environment: DEVELOPMENT                               [39m
[32m        Port: 5000                                              [39m
[32m        URL: http://localhost:5000                                 [39m

[32m        📡 Socket.io: Running[39m
[32m        💾 MongoDB: Connected[39m
[32m        🔴 Redis: Connected [39m
[32m[39m
2025-10-21 23:56:13 [[32minfo[39m]: [32mMongoDB connected Successfully[39m
2025-10-21 23:56:13 [[32minfo[39m]: [32m[39m
[32m        🚀 SERVER STARTED SUCCESSFULLY[39m
[32m        Environment: DEVELOPMENT                               [39m
[32m        Port: 5000                                              [39m
[32m        URL: http://localhost:5000                                 [39m

[32m        📡 Socket.io: Running[39m
[32m        💾 MongoDB: Connected[39m
[32m        🔴 Redis: Connected [39m
[32m[39m
2025-10-21 23:56:17 [[32minfo[39m]: [32mMongoDB connected Successfully[39m
2025-10-21 23:56:17 [[32minfo[39m]: [32m[39m
[32m        🚀 SERVER STARTED SUCCESSFULLY[39m
[32m        Environment: DEVELOPMENT                               [39m
[32m        Port: 5000                                              [39m
[32m        URL: http://localhost:5000                                 [39m

[32m        📡 Socket.io: Running[39m
[32m        💾 MongoDB: Connected[39m
[32m        🔴 Redis: Connected [39m
[32m[39m
2025-10-21 23:56:25 [[32minfo[39m]: [32mMongoDB connected Successfully[39m
2025-10-21 23:56:25 [[32minfo[39m]: [32m[39m
[32m        🚀 SERVER STARTED SUCCESSFULLY[39m
[32m        Environment: DEVELOPMENT                               [39m
[32m        Port: 5000                                              [39m
[32m        URL: http://localhost:5000                                 [39m

[32m        📡 Socket.io: Running[39m
[32m        💾 MongoDB: Connected[39m
[32m        🔴 Redis: Connected [39m
[32m[39m
2025-10-21 23:56:29 [[32minfo[39m]: [32mMongoDB connected Successfully[39m
2025-10-21 23:56:29 [[32minfo[39m]: [32m[39m
[32m        🚀 SERVER STARTED SUCCESSFULLY[39m
[32m        Environment: DEVELOPMENT                               [39m
[32m        Port: 5000                                              [39m
[32m        URL: http://localhost:5000                                 [39m

[32m        📡 Socket.io: Running[39m
[32m        💾 MongoDB: Connected[39m
[32m        🔴 Redis: Connected [39m
[32m[39m
2025-10-21 23:56:35 [[32minfo[39m]: [32mMongoDB connected Successfully[39m
2025-10-21 23:56:35 [[32minfo[39m]: [32m[39m
[32m        🚀 SERVER STARTED SUCCESSFULLY[39m
[32m        Environment: DEVELOPMENT                               [39m
[32m        Port: 5000                                              [39m
[32m        URL: http://localhost:5000                                 [39m

[32m        📡 Socket.io: Running[39m
[32m        💾 MongoDB: Connected[39m
[32m        🔴 Redis: Connected [39m
[32m[39m
2025-10-21 23:56:39 [[32minfo[39m]: [32mMongoDB connected Successfully[39m
2025-10-21 23:56:39 [[32minfo[39m]: [32m[39m
[32m        🚀 SERVER STARTED SUCCESSFULLY[39m
[32m        Environment: DEVELOPMENT                               [39m
[32m        Port: 5000                                              [39m
[32m        URL: http://localhost:5000                                 [39m

[32m        📡 Socket.io: Running[39m
[32m        💾 MongoDB: Connected[39m
[32m        🔴 Redis: Connected [39m
[32m[39m
2025-10-21 23:56:45 [[32minfo[39m]: [32mMongoDB connected Successfully[39m
2025-10-21 23:56:45 [[32minfo[39m]: [32m[39m
[32m        🚀 SERVER STARTED SUCCESSFULLY[39m
[32m        Environment: DEVELOPMENT                               [39m
[32m        Port: 5000                                              [39m
[32m        URL: http://localhost:5000                                 [39m

[32m        📡 Socket.io: Running[39m
[32m        💾 MongoDB: Connected[39m
[32m        🔴 Redis: Connected [39m
[32m[39m
2025-10-21 23:56:47 [[32minfo[39m]: [32mMongoDB connected Successfully[39m
2025-10-21 23:56:47 [[32minfo[39m]: [32m[39m
[32m        🚀 SERVER STARTED SUCCESSFULLY[39m
[32m        Environment: DEVELOPMENT                               [39m
[32m        Port: 5000                                              [39m
[32m        URL: http://localhost:5000                                 [39m

[32m        📡 Socket.io: Running[39m
[32m        💾 MongoDB: Connected[39m
[32m        🔴 Redis: Connected [39m
[32m[39m
2025-10-21 23:56:52 [[32minfo[39m]: [32mMongoDB connected Successfully[39m
2025-10-21 23:56:52 [[32minfo[39m]: [32m[39m
[32m        🚀 SERVER STARTED SUCCESSFULLY[39m
[32m        Environment: DEVELOPMENT                               [39m
[32m        Port: 5000                                              [39m
[32m        URL: http://localhost:5000                                 [39m

[32m        📡 Socket.io: Running[39m
[32m        💾 MongoDB: Connected[39m
[32m        🔴 Redis: Connected [39m
[32m[39m
2025-10-21 23:57:20 [[32minfo[39m]: [32mMongoDB connected Successfully[39m
2025-10-21 23:57:20 [[32minfo[39m]: [32m[39m
[32m        🚀 SERVER STARTED SUCCESSFULLY[39m
[32m        Environment: DEVELOPMENT                               [39m
[32m        Port: 5000                                              [39m
[32m        URL: http://localhost:5000                                 [39m

[32m        📡 Socket.io: Running[39m
[32m        💾 MongoDB: Connected[39m
[32m        🔴 Redis: Connected [39m
[32m[39m
2025-10-21 23:57:21 [[32minfo[39m]: [32mMongoDB connected Successfully[39m
2025-10-21 23:57:21 [[32minfo[39m]: [32m[39m
[32m        🚀 SERVER STARTED SUCCESSFULLY[39m
[32m        Environment: DEVELOPMENT                               [39m
[32m        Port: 5000                                              [39m
[32m        URL: http://localhost:5000                                 [39m

[32m        📡 Socket.io: Running[39m
[32m        💾 MongoDB: Connected[39m
[32m        🔴 Redis: Connected [39m
[32m[39m
2025-10-21 23:57:26 [[32minfo[39m]: [32mMongoDB connected Successfully[39m
2025-10-21 23:57:26 [[32minfo[39m]: [32m[39m
[32m        🚀 SERVER STARTED SUCCESSFULLY[39m
[32m        Environment: DEVELOPMENT                               [39m
[32m        Port: 5000                                              [39m
[32m        URL: http://localhost:5000                                 [39m

[32m        📡 Socket.io: Running[39m
[32m        💾 MongoDB: Connected[39m
[32m        🔴 Redis: Connected [39m
[32m[39m
2025-10-21 23:57:32 [[32minfo[39m]: [32mMongoDB connected Successfully[39m
2025-10-21 23:57:32 [[32minfo[39m]: [32m[39m
[32m        🚀 SERVER STARTED SUCCESSFULLY[39m
[32m        Environment: DEVELOPMENT                               [39m
[32m        Port: 5000                                              [39m
[32m        URL: http://localhost:5000                                 [39m

[32m        📡 Socket.io: Running[39m
[32m        💾 MongoDB: Connected[39m
[32m        🔴 Redis: Connected [39m
[32m[39m
2025-10-21 23:57:35 [[32minfo[39m]: [32mMongoDB connected Successfully[39m
2025-10-21 23:57:35 [[32minfo[39m]: [32m[39m
[32m        🚀 SERVER STARTED SUCCESSFULLY[39m
[32m        Environment: DEVELOPMENT                               [39m
[32m        Port: 5000                                              [39m
[32m        URL: http://localhost:5000                                 [39m

[32m        📡 Socket.io: Running[39m
[32m        💾 MongoDB: Connected[39m
[32m        🔴 Redis: Connected [39m
[32m[39m
2025-10-21 23:57:39 [[32minfo[39m]: [32mMongoDB connected Successfully[39m
2025-10-21 23:57:39 [[32minfo[39m]: [32m[39m
[32m        🚀 SERVER STARTED SUCCESSFULLY[39m
[32m        Environment: DEVELOPMENT                               [39m
[32m        Port: 5000                                              [39m
[32m        URL: http://localhost:5000                                 [39m

[32m        📡 Socket.io: Running[39m
[32m        💾 MongoDB: Connected[39m
[32m        🔴 Redis: Connected [39m
[32m[39m
2025-10-21 23:57:50 [[32minfo[39m]: [32mMongoDB connected Successfully[39m
2025-10-21 23:57:50 [[32minfo[39m]: [32m[39m
[32m        🚀 SERVER STARTED SUCCESSFULLY[39m
[32m        Environment: DEVELOPMENT                               [39m
[32m        Port: 5000                                              [39m
[32m        URL: http://localhost:5000                                 [39m

[32m        📡 Socket.io: Running[39m
[32m        💾 MongoDB: Connected[39m
[32m        🔴 Redis: Connected [39m
[32m[39m
2025-10-21 23:57:54 [[32minfo[39m]: [32mMongoDB connected Successfully[39m
2025-10-21 23:57:54 [[32minfo[39m]: [32m[39m
[32m        🚀 SERVER STARTED SUCCESSFULLY[39m
[32m        Environment: DEVELOPMENT                               [39m
[32m        Port: 5000                                              [39m
[32m        URL: http://localhost:5000                                 [39m

[32m        📡 Socket.io: Running[39m
[32m        💾 MongoDB: Connected[39m
[32m        🔴 Redis: Connected [39m
[32m[39m
2025-10-21 23:57:59 [[32minfo[39m]: [32mMongoDB connected Successfully[39m
2025-10-21 23:57:59 [[32minfo[39m]: [32m[39m
[32m        🚀 SERVER STARTED SUCCESSFULLY[39m
[32m        Environment: DEVELOPMENT                               [39m
[32m        Port: 5000                                              [39m
[32m        URL: http://localhost:5000                                 [39m

[32m        📡 Socket.io: Running[39m
[32m        💾 MongoDB: Connected[39m
[32m        🔴 Redis: Connected [39m
[32m[39m
2025-10-21 23:58:07 [[32minfo[39m]: [32mMongoDB connected Successfully[39m
2025-10-21 23:58:07 [[32minfo[39m]: [32m[39m
[32m        🚀 SERVER STARTED SUCCESSFULLY[39m
[32m        Environment: DEVELOPMENT                               [39m
[32m        Port: 5000                                              [39m
[32m        URL: http://localhost:5000                                 [39m

[32m        📡 Socket.io: Running[39m
[32m        💾 MongoDB: Connected[39m
[32m        🔴 Redis: Connected [39m
[32m[39m
2025-10-21 23:58:08 [[32minfo[39m]: [32mMongoDB connected Successfully[39m
2025-10-21 23:58:08 [[32minfo[39m]: [32m[39m
[32m        🚀 SERVER STARTED SUCCESSFULLY[39m
[32m        Environment: DEVELOPMENT                               [39m
[32m        Port: 5000                                              [39m
[32m        URL: http://localhost:5000                                 [39m

[32m        📡 Socket.io: Running[39m
[32m        💾 MongoDB: Connected[39m
[32m        🔴 Redis: Connected [39m
[32m[39m
2025-10-21 23:58:14 [[32minfo[39m]: [32mMongoDB connected Successfully[39m
2025-10-21 23:58:14 [[32minfo[39m]: [32m[39m
[32m        🚀 SERVER STARTED SUCCESSFULLY[39m
[32m        Environment: DEVELOPMENT                               [39m
[32m        Port: 5000                                              [39m
[32m        URL: http://localhost:5000                                 [39m

[32m        📡 Socket.io: Running[39m
[32m        💾 MongoDB: Connected[39m
[32m        🔴 Redis: Connected [39m
[32m[39m
2025-10-21 23:58:19 [[32minfo[39m]: [32mMongoDB connected Successfully[39m
2025-10-21 23:58:19 [[32minfo[39m]: [32m[39m
[32m        🚀 SERVER STARTED SUCCESSFULLY[39m
[32m        Environment: DEVELOPMENT                               [39m
[32m        Port: 5000                                              [39m
[32m        URL: http://localhost:5000                                 [39m

[32m        📡 Socket.io: Running[39m
[32m        💾 MongoDB: Connected[39m
[32m        🔴 Redis: Connected [39m
[32m[39m
2025-10-21 23:58:24 [[32minfo[39m]: [32mMongoDB connected Successfully[39m
2025-10-21 23:58:24 [[32minfo[39m]: [32m[39m
[32m        🚀 SERVER STARTED SUCCESSFULLY[39m
[32m        Environment: DEVELOPMENT                               [39m
[32m        Port: 5000                                              [39m
[32m        URL: http://localhost:5000                                 [39m

[32m        📡 Socket.io: Running[39m
[32m        💾 MongoDB: Connected[39m
[32m        🔴 Redis: Connected [39m
[32m[39m
2025-10-21 23:58:29 [[32minfo[39m]: [32mMongoDB connected Successfully[39m
2025-10-21 23:58:29 [[32minfo[39m]: [32m[39m
[32m        🚀 SERVER STARTED SUCCESSFULLY[39m
[32m        Environment: DEVELOPMENT                               [39m
[32m        Port: 5000                                              [39m
[32m        URL: http://localhost:5000                                 [39m

[32m        📡 Socket.io: Running[39m
[32m        💾 MongoDB: Connected[39m
[32m        🔴 Redis: Connected [39m
[32m[39m
2025-10-21 23:58:31 [[32minfo[39m]: [32mMongoDB connected Successfully[39m
2025-10-21 23:58:31 [[32minfo[39m]: [32m[39m
[32m        🚀 SERVER STARTED SUCCESSFULLY[39m
[32m        Environment: DEVELOPMENT                               [39m
[32m        Port: 5000                                              [39m
[32m        URL: http://localhost:5000                                 [39m

[32m        📡 Socket.io: Running[39m
[32m        💾 MongoDB: Connected[39m
[32m        🔴 Redis: Connected [39m
[32m[39m
2025-10-21 23:58:36 [[32minfo[39m]: [32mMongoDB connected Successfully[39m
2025-10-21 23:58:36 [[32minfo[39m]: [32m[39m
[32m        🚀 SERVER STARTED SUCCESSFULLY[39m
[32m        Environment: DEVELOPMENT                               [39m
[32m        Port: 5000                                              [39m
[32m        URL: http://localhost:5000                                 [39m

[32m        📡 Socket.io: Running[39m
[32m        💾 MongoDB: Connected[39m
[32m        🔴 Redis: Connected [39m
[32m[39m
2025-10-21 23:58:51 [[32minfo[39m]: [32mMongoDB connected Successfully[39m
2025-10-21 23:58:51 [[32minfo[39m]: [32m[39m
[32m        🚀 SERVER STARTED SUCCESSFULLY[39m
[32m        Environment: DEVELOPMENT                               [39m
[32m        Port: 5000                                              [39m
[32m        URL: http://localhost:5000                                 [39m

[32m        📡 Socket.io: Running[39m
[32m        💾 MongoDB: Connected[39m
[32m        🔴 Redis: Connected [39m
[32m[39m
2025-10-21 23:59:06 [[32minfo[39m]: [32mMongoDB connected Successfully[39m
2025-10-21 23:59:06 [[32minfo[39m]: [32m[39m
[32m        🚀 SERVER STARTED SUCCESSFULLY[39m
[32m        Environment: DEVELOPMENT                               [39m
[32m        Port: 5000                                              [39m
[32m        URL: http://localhost:5000                                 [39m

[32m        📡 Socket.io: Running[39m
[32m        💾 MongoDB: Connected[39m
[32m        🔴 Redis: Connected [39m
[32m[39m
2025-10-21 23:59:08 [[32minfo[39m]: [32mMongoDB connected Successfully[39m
2025-10-21 23:59:08 [[32minfo[39m]: [32m[39m
[32m        🚀 SERVER STARTED SUCCESSFULLY[39m
[32m        Environment: DEVELOPMENT                               [39m
[32m        Port: 5000                                              [39m
[32m        URL: http://localhost:5000                                 [39m

[32m        📡 Socket.io: Running[39m
[32m        💾 MongoDB: Connected[39m
[32m        🔴 Redis: Connected [39m
[32m[39m
2025-10-21 23:59:13 [[32minfo[39m]: [32mMongoDB connected Successfully[39m
2025-10-21 23:59:13 [[32minfo[39m]: [32m[39m
[32m        🚀 SERVER STARTED SUCCESSFULLY[39m
[32m        Environment: DEVELOPMENT                               [39m
[32m        Port: 5000                                              [39m
[32m        URL: http://localhost:5000                                 [39m

[32m        📡 Socket.io: Running[39m
[32m        💾 MongoDB: Connected[39m
[32m        🔴 Redis: Connected [39m
[32m[39m
2025-10-21 23:59:15 [[32minfo[39m]: [32mMongoDB connected Successfully[39m
2025-10-21 23:59:15 [[32minfo[39m]: [32m[39m
[32m        🚀 SERVER STARTED SUCCESSFULLY[39m
[32m        Environment: DEVELOPMENT                               [39m
[32m        Port: 5000                                              [39m
[32m        URL: http://localhost:5000                                 [39m

[32m        📡 Socket.io: Running[39m
[32m        💾 MongoDB: Connected[39m
[32m        🔴 Redis: Connected [39m
[32m[39m
2025-10-21 23:59:19 [[32minfo[39m]: [32mMongoDB connected Successfully[39m
2025-10-21 23:59:19 [[32minfo[39m]: [32m[39m
[32m        🚀 SERVER STARTED SUCCESSFULLY[39m
[32m        Environment: DEVELOPMENT                               [39m
[32m        Port: 5000                                              [39m
[32m        URL: http://localhost:5000                                 [39m

[32m        📡 Socket.io: Running[39m
[32m        💾 MongoDB: Connected[39m
[32m        🔴 Redis: Connected [39m
[32m[39m
2025-10-21 23:59:24 [[32minfo[39m]: [32mMongoDB connected Successfully[39m
2025-10-21 23:59:24 [[32minfo[39m]: [32m[39m
[32m        🚀 SERVER STARTED SUCCESSFULLY[39m
[32m        Environment: DEVELOPMENT                               [39m
[32m        Port: 5000                                              [39m
[32m        URL: http://localhost:5000                                 [39m

[32m        📡 Socket.io: Running[39m
[32m        💾 MongoDB: Connected[39m
[32m        🔴 Redis: Connected [39m
[32m[39m
2025-10-22 00:00:01 [[32minfo[39m]: [32mMongoDB connected Successfully[39m
2025-10-22 00:00:01 [[32minfo[39m]: [32m[39m
[32m        🚀 SERVER STARTED SUCCESSFULLY[39m
[32m        Environment: DEVELOPMENT                               [39m
[32m        Port: 5000                                              [39m
[32m        URL: http://localhost:5000                                 [39m

[32m        📡 Socket.io: Running[39m
[32m        💾 MongoDB: Connected[39m
[32m        🔴 Redis: Connected [39m
[32m[39m
2025-10-22 00:00:08 [[32minfo[39m]: [32mMongoDB connected Successfully[39m
2025-10-22 00:00:08 [[32minfo[39m]: [32m[39m
[32m        🚀 SERVER STARTED SUCCESSFULLY[39m
[32m        Environment: DEVELOPMENT                               [39m
[32m        Port: 5000                                              [39m
[32m        URL: http://localhost:5000                                 [39m

[32m        📡 Socket.io: Running[39m
[32m        💾 MongoDB: Connected[39m
[32m        🔴 Redis: Connected [39m
[32m[39m
2025-10-22 00:00:11 [[32minfo[39m]: [32mMongoDB connected Successfully[39m
2025-10-22 00:00:11 [[32minfo[39m]: [32m[39m
[32m        🚀 SERVER STARTED SUCCESSFULLY[39m
[32m        Environment: DEVELOPMENT                               [39m
[32m        Port: 5000                                              [39m
[32m        URL: http://localhost:5000                                 [39m

[32m        📡 Socket.io: Running[39m
[32m        💾 MongoDB: Connected[39m
[32m        🔴 Redis: Connected [39m
[32m[39m
2025-10-22 00:00:16 [[32minfo[39m]: [32mMongoDB connected Successfully[39m
2025-10-22 00:00:16 [[32minfo[39m]: [32m[39m
[32m        🚀 SERVER STARTED SUCCESSFULLY[39m
[32m        Environment: DEVELOPMENT                               [39m
[32m        Port: 5000                                              [39m
[32m        URL: http://localhost:5000                                 [39m

[32m        📡 Socket.io: Running[39m
[32m        💾 MongoDB: Connected[39m
[32m        🔴 Redis: Connected [39m
[32m[39m
2025-10-22 00:00:20 [[32minfo[39m]: [32mMongoDB connected Successfully[39m
2025-10-22 00:00:20 [[32minfo[39m]: [32m[39m
[32m        🚀 SERVER STARTED SUCCESSFULLY[39m
[32m        Environment: DEVELOPMENT                               [39m
[32m        Port: 5000                                              [39m
[32m        URL: http://localhost:5000                                 [39m

[32m        📡 Socket.io: Running[39m
[32m        💾 MongoDB: Connected[39m
[32m        🔴 Redis: Connected [39m
[32m[39m
2025-10-22 00:00:22 [[32minfo[39m]: [32mMongoDB connected Successfully[39m
2025-10-22 00:00:22 [[32minfo[39m]: [32m[39m
[32m        🚀 SERVER STARTED SUCCESSFULLY[39m
[32m        Environment: DEVELOPMENT                               [39m
[32m        Port: 5000                                              [39m
[32m        URL: http://localhost:5000                                 [39m

[32m        📡 Socket.io: Running[39m
[32m        💾 MongoDB: Connected[39m
[32m        🔴 Redis: Connected [39m
[32m[39m
2025-10-22 00:00:25 [[32minfo[39m]: [32mMongoDB connected Successfully[39m
2025-10-22 00:00:25 [[32minfo[39m]: [32m[39m
[32m        🚀 SERVER STARTED SUCCESSFULLY[39m
[32m        Environment: DEVELOPMENT                               [39m
[32m        Port: 5000                                              [39m
[32m        URL: http://localhost:5000                                 [39m

[32m        📡 Socket.io: Running[39m
[32m        💾 MongoDB: Connected[39m
[32m        🔴 Redis: Connected [39m
[32m[39m
2025-10-22 00:00:26 [[32minfo[39m]: [32mMongoDB connected Successfully[39m
2025-10-22 00:00:26 [[32minfo[39m]: [32m[39m
[32m        🚀 SERVER STARTED SUCCESSFULLY[39m
[32m        Environment: DEVELOPMENT                               [39m
[32m        Port: 5000                                              [39m
[32m        URL: http://localhost:5000                                 [39m

[32m        📡 Socket.io: Running[39m
[32m        💾 MongoDB: Connected[39m
[32m        🔴 Redis: Connected [39m
[32m[39m
2025-10-22 00:00:34 [[32minfo[39m]: [32mMongoDB connected Successfully[39m
2025-10-22 00:00:34 [[32minfo[39m]: [32m[39m
[32m        🚀 SERVER STARTED SUCCESSFULLY[39m
[32m        Environment: DEVELOPMENT                               [39m
[32m        Port: 5000                                              [39m
[32m        URL: http://localhost:5000                                 [39m

[32m        📡 Socket.io: Running[39m
[32m        💾 MongoDB: Connected[39m
[32m        🔴 Redis: Connected [39m
[32m[39m
2025-10-22 00:00:36 [[32minfo[39m]: [32mMongoDB connected Successfully[39m
2025-10-22 00:00:36 [[32minfo[39m]: [32m[39m
[32m        🚀 SERVER STARTED SUCCESSFULLY[39m
[32m        Environment: DEVELOPMENT                               [39m
[32m        Port: 5000                                              [39m
[32m        URL: http://localhost:5000                                 [39m

[32m        📡 Socket.io: Running[39m
[32m        💾 MongoDB: Connected[39m
[32m        🔴 Redis: Connected [39m
[32m[39m
2025-10-22 00:01:18 [[32minfo[39m]: [32mMongoDB connected Successfully[39m
2025-10-22 00:01:18 [[32minfo[39m]: [32m[39m
[32m        🚀 SERVER STARTED SUCCESSFULLY[39m
[32m        Environment: DEVELOPMENT                               [39m
[32m        Port: 5000                                              [39m
[32m        URL: http://localhost:5000                                 [39m

[32m        📡 Socket.io: Running[39m
[32m        💾 MongoDB: Connected[39m
[32m        🔴 Redis: Connected [39m
[32m[39m
2025-10-22 00:01:19 [[32minfo[39m]: [32mMongoDB connected Successfully[39m
2025-10-22 00:01:19 [[32minfo[39m]: [32m[39m
[32m        🚀 SERVER STARTED SUCCESSFULLY[39m
[32m        Environment: DEVELOPMENT                               [39m
[32m        Port: 5000                                              [39m
[32m        URL: http://localhost:5000                                 [39m

[32m        📡 Socket.io: Running[39m
[32m        💾 MongoDB: Connected[39m
[32m        🔴 Redis: Connected [39m
[32m[39m
2025-10-22 00:01:21 [[32minfo[39m]: [32mMongoDB connected Successfully[39m
2025-10-22 00:01:21 [[32minfo[39m]: [32m[39m
[32m        🚀 SERVER STARTED SUCCESSFULLY[39m
[32m        Environment: DEVELOPMENT                               [39m
[32m        Port: 5000                                              [39m
[32m        URL: http://localhost:5000                                 [39m

[32m        📡 Socket.io: Running[39m
[32m        💾 MongoDB: Connected[39m
[32m        🔴 Redis: Connected [39m
[32m[39m
2025-10-22 00:01:33 [[32minfo[39m]: [32mMongoDB connected Successfully[39m
2025-10-22 00:01:33 [[32minfo[39m]: [32m[39m
[32m        🚀 SERVER STARTED SUCCESSFULLY[39m
[32m        Environment: DEVELOPMENT                               [39m
[32m        Port: 5000                                              [39m
[32m        URL: http://localhost:5000                                 [39m

[32m        📡 Socket.io: Running[39m
[32m        💾 MongoDB: Connected[39m
[32m        🔴 Redis: Connected [39m
[32m[39m
2025-10-22 00:01:35 [[32minfo[39m]: [32mMongoDB connected Successfully[39m
2025-10-22 00:01:35 [[32minfo[39m]: [32m[39m
[32m        🚀 SERVER STARTED SUCCESSFULLY[39m
[32m        Environment: DEVELOPMENT                               [39m
[32m        Port: 5000                                              [39m
[32m        URL: http://localhost:5000                                 [39m

[32m        📡 Socket.io: Running[39m
[32m        💾 MongoDB: Connected[39m
[32m        🔴 Redis: Connected [39m
[32m[39m
2025-10-22 00:01:39 [[32minfo[39m]: [32mMongoDB connected Successfully[39m
2025-10-22 00:01:39 [[32minfo[39m]: [32m[39m
[32m        🚀 SERVER STARTED SUCCESSFULLY[39m
[32m        Environment: DEVELOPMENT                               [39m
[32m        Port: 5000                                              [39m
[32m        URL: http://localhost:5000                                 [39m

[32m        📡 Socket.io: Running[39m
[32m        💾 MongoDB: Connected[39m
[32m        🔴 Redis: Connected [39m
[32m[39m
2025-10-22 00:01:41 [[32minfo[39m]: [32mMongoDB connected Successfully[39m
2025-10-22 00:01:41 [[32minfo[39m]: [32m[39m
[32m        🚀 SERVER STARTED SUCCESSFULLY[39m
[32m        Environment: DEVELOPMENT                               [39m
[32m        Port: 5000                                              [39m
[32m        URL: http://localhost:5000                                 [39m

[32m        📡 Socket.io: Running[39m
[32m        💾 MongoDB: Connected[39m
[32m        🔴 Redis: Connected [39m
[32m[39m
2025-10-22 00:01:47 [[32minfo[39m]: [32mMongoDB connected Successfully[39m
2025-10-22 00:01:47 [[32minfo[39m]: [32m[39m
[32m        🚀 SERVER STARTED SUCCESSFULLY[39m
[32m        Environment: DEVELOPMENT                               [39m
[32m        Port: 5000                                              [39m
[32m        URL: http://localhost:5000                                 [39m

[32m        📡 Socket.io: Running[39m
[32m        💾 MongoDB: Connected[39m
[32m        🔴 Redis: Connected [39m
[32m[39m
2025-10-22 00:01:57 [[32minfo[39m]: [32mMongoDB connected Successfully[39m
2025-10-22 00:01:57 [[32minfo[39m]: [32m[39m
[32m        🚀 SERVER STARTED SUCCESSFULLY[39m
[32m        Environment: DEVELOPMENT                               [39m
[32m        Port: 5000                                              [39m
[32m        URL: http://localhost:5000                                 [39m

[32m        📡 Socket.io: Running[39m
[32m        💾 MongoDB: Connected[39m
[32m        🔴 Redis: Connected [39m
[32m[39m
2025-10-22 00:02:01 [[32minfo[39m]: [32mMongoDB connected Successfully[39m
2025-10-22 00:02:01 [[32minfo[39m]: [32m[39m
[32m        🚀 SERVER STARTED SUCCESSFULLY[39m
[32m        Environment: DEVELOPMENT                               [39m
[32m        Port: 5000                                              [39m
[32m        URL: http://localhost:5000                                 [39m

[32m        📡 Socket.io: Running[39m
[32m        💾 MongoDB: Connected[39m
[32m        🔴 Redis: Connected [39m
[32m[39m
2025-10-22 00:02:05 [[32minfo[39m]: [32mMongoDB connected Successfully[39m
2025-10-22 00:02:05 [[32minfo[39m]: [32m[39m
[32m        🚀 SERVER STARTED SUCCESSFULLY[39m
[32m        Environment: DEVELOPMENT                               [39m
[32m        Port: 5000                                              [39m
[32m        URL: http://localhost:5000                                 [39m

[32m        📡 Socket.io: Running[39m
[32m        💾 MongoDB: Connected[39m
[32m        🔴 Redis: Connected [39m
[32m[39m
2025-10-22 00:02:14 [[32minfo[39m]: [32mMongoDB connected Successfully[39m
2025-10-22 00:02:14 [[32minfo[39m]: [32m[39m
[32m        🚀 SERVER STARTED SUCCESSFULLY[39m
[32m        Environment: DEVELOPMENT                               [39m
[32m        Port: 5000                                              [39m
[32m        URL: http://localhost:5000                                 [39m

[32m        📡 Socket.io: Running[39m
[32m        💾 MongoDB: Connected[39m
[32m        🔴 Redis: Connected [39m
[32m[39m
2025-10-22 00:02:17 [[32minfo[39m]: [32mMongoDB connected Successfully[39m
2025-10-22 00:02:17 [[32minfo[39m]: [32m[39m
[32m        🚀 SERVER STARTED SUCCESSFULLY[39m
[32m        Environment: DEVELOPMENT                               [39m
[32m        Port: 5000                                              [39m
[32m        URL: http://localhost:5000                                 [39m

[32m        📡 Socket.io: Running[39m
[32m        💾 MongoDB: Connected[39m
[32m        🔴 Redis: Connected [39m
[32m[39m
2025-10-22 00:02:26 [[32minfo[39m]: [32mMongoDB connected Successfully[39m
2025-10-22 00:02:26 [[32minfo[39m]: [32m[39m
[32m        🚀 SERVER STARTED SUCCESSFULLY[39m
[32m        Environment: DEVELOPMENT                               [39m
[32m        Port: 5000                                              [39m
[32m        URL: http://localhost:5000                                 [39m

[32m        📡 Socket.io: Running[39m
[32m        💾 MongoDB: Connected[39m
[32m        🔴 Redis: Connected [39m
[32m[39m
2025-10-22 00:02:27 [[32minfo[39m]: [32mMongoDB connected Successfully[39m
2025-10-22 00:02:27 [[32minfo[39m]: [32m[39m
[32m        🚀 SERVER STARTED SUCCESSFULLY[39m
[32m        Environment: DEVELOPMENT                               [39m
[32m        Port: 5000                                              [39m
[32m        URL: http://localhost:5000                                 [39m

[32m        📡 Socket.io: Running[39m
[32m        💾 MongoDB: Connected[39m
[32m        🔴 Redis: Connected [39m
[32m[39m
2025-10-22 00:02:30 [[32minfo[39m]: [32mMongoDB connected Successfully[39m
2025-10-22 00:02:30 [[32minfo[39m]: [32m[39m
[32m        🚀 SERVER STARTED SUCCESSFULLY[39m
[32m        Environment: DEVELOPMENT                               [39m
[32m        Port: 5000                                              [39m
[32m        URL: http://localhost:5000                                 [39m

[32m        📡 Socket.io: Running[39m
[32m        💾 MongoDB: Connected[39m
[32m        🔴 Redis: Connected [39m
[32m[39m
2025-10-22 00:02:32 [[32minfo[39m]: [32mMongoDB connected Successfully[39m
2025-10-22 00:02:32 [[32minfo[39m]: [32m[39m
[32m        🚀 SERVER STARTED SUCCESSFULLY[39m
[32m        Environment: DEVELOPMENT                               [39m
[32m        Port: 5000                                              [39m
[32m        URL: http://localhost:5000                                 [39m

[32m        📡 Socket.io: Running[39m
[32m        💾 MongoDB: Connected[39m
[32m        🔴 Redis: Connected [39m
[32m[39m
2025-10-22 00:02:37 [[32minfo[39m]: [32mMongoDB connected Successfully[39m
2025-10-22 00:02:37 [[32minfo[39m]: [32m[39m
[32m        🚀 SERVER STARTED SUCCESSFULLY[39m
[32m        Environment: DEVELOPMENT                               [39m
[32m        Port: 5000                                              [39m
[32m        URL: http://localhost:5000                                 [39m

[32m        📡 Socket.io: Running[39m
[32m        💾 MongoDB: Connected[39m
[32m        🔴 Redis: Connected [39m
[32m[39m
2025-10-22 00:02:42 [[32minfo[39m]: [32mMongoDB connected Successfully[39m
2025-10-22 00:02:42 [[32minfo[39m]: [32m[39m
[32m        🚀 SERVER STARTED SUCCESSFULLY[39m
[32m        Environment: DEVELOPMENT                               [39m
[32m        Port: 5000                                              [39m
[32m        URL: http://localhost:5000                                 [39m

[32m        📡 Socket.io: Running[39m
[32m        💾 MongoDB: Connected[39m
[32m        🔴 Redis: Connected [39m
[32m[39m
2025-10-22 00:02:57 [[32minfo[39m]: [32mMongoDB connected Successfully[39m
2025-10-22 00:02:57 [[32minfo[39m]: [32m[39m
[32m        🚀 SERVER STARTED SUCCESSFULLY[39m
[32m        Environment: DEVELOPMENT                               [39m
[32m        Port: 5000                                              [39m
[32m        URL: http://localhost:5000                                 [39m

[32m        📡 Socket.io: Running[39m
[32m        💾 MongoDB: Connected[39m
[32m        🔴 Redis: Connected [39m
[32m[39m
2025-10-22 00:03:05 [[32minfo[39m]: [32mMongoDB connected Successfully[39m
2025-10-22 00:03:05 [[32minfo[39m]: [32m[39m
[32m        🚀 SERVER STARTED SUCCESSFULLY[39m
[32m        Environment: DEVELOPMENT                               [39m
[32m        Port: 5000                                              [39m
[32m        URL: http://localhost:5000                                 [39m

[32m        📡 Socket.io: Running[39m
[32m        💾 MongoDB: Connected[39m
[32m        🔴 Redis: Connected [39m
[32m[39m
2025-10-22 00:03:08 [[32minfo[39m]: [32mMongoDB connected Successfully[39m
2025-10-22 00:03:08 [[32minfo[39m]: [32m[39m
[32m        🚀 SERVER STARTED SUCCESSFULLY[39m
[32m        Environment: DEVELOPMENT                               [39m
[32m        Port: 5000                                              [39m
[32m        URL: http://localhost:5000                                 [39m

[32m        📡 Socket.io: Running[39m
[32m        💾 MongoDB: Connected[39m
[32m        🔴 Redis: Connected [39m
[32m[39m
2025-10-22 00:03:11 [[32minfo[39m]: [32mMongoDB connected Successfully[39m
2025-10-22 00:03:11 [[32minfo[39m]: [32m[39m
[32m        🚀 SERVER STARTED SUCCESSFULLY[39m
[32m        Environment: DEVELOPMENT                               [39m
[32m        Port: 5000                                              [39m
[32m        URL: http://localhost:5000                                 [39m

[32m        📡 Socket.io: Running[39m
[32m        💾 MongoDB: Connected[39m
[32m        🔴 Redis: Connected [39m
[32m[39m
2025-10-22 00:03:16 [[32minfo[39m]: [32mMongoDB connected Successfully[39m
2025-10-22 00:03:16 [[32minfo[39m]: [32m[39m
[32m        🚀 SERVER STARTED SUCCESSFULLY[39m
[32m        Environment: DEVELOPMENT                               [39m
[32m        Port: 5000                                              [39m
[32m        URL: http://localhost:5000                                 [39m

[32m        📡 Socket.io: Running[39m
[32m        💾 MongoDB: Connected[39m
[32m        🔴 Redis: Connected [39m
[32m[39m
2025-10-22 00:03:23 [[32minfo[39m]: [32mMongoDB connected Successfully[39m
2025-10-22 00:03:23 [[32minfo[39m]: [32m[39m
[32m        🚀 SERVER STARTED SUCCESSFULLY[39m
[32m        Environment: DEVELOPMENT                               [39m
[32m        Port: 5000                                              [39m
[32m        URL: http://localhost:5000                                 [39m

[32m        📡 Socket.io: Running[39m
[32m        💾 MongoDB: Connected[39m
[32m        🔴 Redis: Connected [39m
[32m[39m
2025-10-22 00:03:26 [[32minfo[39m]: [32mMongoDB connected Successfully[39m
2025-10-22 00:03:26 [[32minfo[39m]: [32m[39m
[32m        🚀 SERVER STARTED SUCCESSFULLY[39m
[32m        Environment: DEVELOPMENT                               [39m
[32m        Port: 5000                                              [39m
[32m        URL: http://localhost:5000                                 [39m

[32m        📡 Socket.io: Running[39m
[32m        💾 MongoDB: Connected[39m
[32m        🔴 Redis: Connected [39m
[32m[39m
2025-10-22 00:03:28 [[32minfo[39m]: [32mMongoDB connected Successfully[39m
2025-10-22 00:03:28 [[32minfo[39m]: [32m[39m
[32m        🚀 SERVER STARTED SUCCESSFULLY[39m
[32m        Environment: DEVELOPMENT                               [39m
[32m        Port: 5000                                              [39m
[32m        URL: http://localhost:5000                                 [39m

[32m        📡 Socket.io: Running[39m
[32m        💾 MongoDB: Connected[39m
[32m        🔴 Redis: Connected [39m
[32m[39m
2025-10-22 00:03:37 [[32minfo[39m]: [32mMongoDB connected Successfully[39m
2025-10-22 00:03:37 [[32minfo[39m]: [32m[39m
[32m        🚀 SERVER STARTED SUCCESSFULLY[39m
[32m        Environment: DEVELOPMENT                               [39m
[32m        Port: 5000                                              [39m
[32m        URL: http://localhost:5000                                 [39m

[32m        📡 Socket.io: Running[39m
[32m        💾 MongoDB: Connected[39m
[32m        🔴 Redis: Connected [39m
[32m[39m
2025-10-22 00:03:40 [[32minfo[39m]: [32mMongoDB connected Successfully[39m
2025-10-22 00:03:40 [[32minfo[39m]: [32m[39m
[32m        🚀 SERVER STARTED SUCCESSFULLY[39m
[32m        Environment: DEVELOPMENT                               [39m
[32m        Port: 5000                                              [39m
[32m        URL: http://localhost:5000                                 [39m

[32m        📡 Socket.io: Running[39m
[32m        💾 MongoDB: Connected[39m
[32m        🔴 Redis: Connected [39m
[32m[39m
2025-10-22 00:03:42 [[32minfo[39m]: [32mMongoDB connected Successfully[39m
2025-10-22 00:03:42 [[32minfo[39m]: [32m[39m
[32m        🚀 SERVER STARTED SUCCESSFULLY[39m
[32m        Environment: DEVELOPMENT                               [39m
[32m        Port: 5000                                              [39m
[32m        URL: http://localhost:5000                                 [39m

[32m        📡 Socket.io: Running[39m
[32m        💾 MongoDB: Connected[39m
[32m        🔴 Redis: Connected [39m
[32m[39m
2025-10-22 00:03:46 [[32minfo[39m]: [32mMongoDB connected Successfully[39m
2025-10-22 00:03:46 [[32minfo[39m]: [32m[39m
[32m        🚀 SERVER STARTED SUCCESSFULLY[39m
[32m        Environment: DEVELOPMENT                               [39m
[32m        Port: 5000                                              [39m
[32m        URL: http://localhost:5000                                 [39m

[32m        📡 Socket.io: Running[39m
[32m        💾 MongoDB: Connected[39m
[32m        🔴 Redis: Connected [39m
[32m[39m
2025-10-22 00:03:49 [[32minfo[39m]: [32mMongoDB connected Successfully[39m
2025-10-22 00:03:49 [[32minfo[39m]: [32m[39m
[32m        🚀 SERVER STARTED SUCCESSFULLY[39m
[32m        Environment: DEVELOPMENT                               [39m
[32m        Port: 5000                                              [39m
[32m        URL: http://localhost:5000                                 [39m

[32m        📡 Socket.io: Running[39m
[32m        💾 MongoDB: Connected[39m
[32m        🔴 Redis: Connected [39m
[32m[39m
2025-10-22 00:03:53 [[32minfo[39m]: [32mMongoDB connected Successfully[39m
2025-10-22 00:03:53 [[32minfo[39m]: [32m[39m
[32m        🚀 SERVER STARTED SUCCESSFULLY[39m
[32m        Environment: DEVELOPMENT                               [39m
[32m        Port: 5000                                              [39m
[32m        URL: http://localhost:5000                                 [39m

[32m        📡 Socket.io: Running[39m
[32m        💾 MongoDB: Connected[39m
[32m        🔴 Redis: Connected [39m
[32m[39m
2025-10-22 00:04:00 [[32minfo[39m]: [32mMongoDB connected Successfully[39m
2025-10-22 00:04:00 [[32minfo[39m]: [32m[39m
[32m        🚀 SERVER STARTED SUCCESSFULLY[39m
[32m        Environment: DEVELOPMENT                               [39m
[32m        Port: 5000                                              [39m
[32m        URL: http://localhost:5000                                 [39m

[32m        📡 Socket.io: Running[39m
[32m        💾 MongoDB: Connected[39m
[32m        🔴 Redis: Connected [39m
[32m[39m
2025-10-22 00:04:04 [[32minfo[39m]: [32mMongoDB connected Successfully[39m
2025-10-22 00:04:04 [[32minfo[39m]: [32m[39m
[32m        🚀 SERVER STARTED SUCCESSFULLY[39m
[32m        Environment: DEVELOPMENT                               [39m
[32m        Port: 5000                                              [39m
[32m        URL: http://localhost:5000                                 [39m

[32m        📡 Socket.io: Running[39m
[32m        💾 MongoDB: Connected[39m
[32m        🔴 Redis: Connected [39m
[32m[39m
2025-10-22 00:04:13 [[32minfo[39m]: [32mMongoDB connected Successfully[39m
2025-10-22 00:04:13 [[32minfo[39m]: [32m[39m
[32m        🚀 SERVER STARTED SUCCESSFULLY[39m
[32m        Environment: DEVELOPMENT                               [39m
[32m        Port: 5000                                              [39m
[32m        URL: http://localhost:5000                                 [39m

[32m        📡 Socket.io: Running[39m
[32m        💾 MongoDB: Connected[39m
[32m        🔴 Redis: Connected [39m
[32m[39m
2025-10-22 00:04:20 [[32minfo[39m]: [32mMongoDB connected Successfully[39m
2025-10-22 00:04:20 [[32minfo[39m]: [32m[39m
[32m        🚀 SERVER STARTED SUCCESSFULLY[39m
[32m        Environment: DEVELOPMENT                               [39m
[32m        Port: 5000                                              [39m
[32m        URL: http://localhost:5000                                 [39m

[32m        📡 Socket.io: Running[39m
[32m        💾 MongoDB: Connected[39m
[32m        🔴 Redis: Connected [39m
[32m[39m
2025-10-22 00:04:23 [[32minfo[39m]: [32mMongoDB connected Successfully[39m
2025-10-22 00:04:23 [[32minfo[39m]: [32m[39m
[32m        🚀 SERVER STARTED SUCCESSFULLY[39m
[32m        Environment: DEVELOPMENT                               [39m
[32m        Port: 5000                                              [39m
[32m        URL: http://localhost:5000                                 [39m

[32m        📡 Socket.io: Running[39m
[32m        💾 MongoDB: Connected[39m
[32m        🔴 Redis: Connected [39m
[32m[39m
2025-10-22 00:04:27 [[32minfo[39m]: [32mMongoDB connected Successfully[39m
2025-10-22 00:04:27 [[32minfo[39m]: [32m[39m
[32m        🚀 SERVER STARTED SUCCESSFULLY[39m
[32m        Environment: DEVELOPMENT                               [39m
[32m        Port: 5000                                              [39m
[32m        URL: http://localhost:5000                                 [39m

[32m        📡 Socket.io: Running[39m
[32m        💾 MongoDB: Connected[39m
[32m        🔴 Redis: Connected [39m
[32m[39m
2025-10-22 00:04:35 [[32minfo[39m]: [32mMongoDB connected Successfully[39m
2025-10-22 00:04:35 [[32minfo[39m]: [32m[39m
[32m        🚀 SERVER STARTED SUCCESSFULLY[39m
[32m        Environment: DEVELOPMENT                               [39m
[32m        Port: 5000                                              [39m
[32m        URL: http://localhost:5000                                 [39m

[32m        📡 Socket.io: Running[39m
[32m        💾 MongoDB: Connected[39m
[32m        🔴 Redis: Connected [39m
[32m[39m
2025-10-22 00:04:37 [[32minfo[39m]: [32mMongoDB connected Successfully[39m
2025-10-22 00:04:37 [[32minfo[39m]: [32m[39m
[32m        🚀 SERVER STARTED SUCCESSFULLY[39m
[32m        Environment: DEVELOPMENT                               [39m
[32m        Port: 5000                                              [39m
[32m        URL: http://localhost:5000                                 [39m

[32m        📡 Socket.io: Running[39m
[32m        💾 MongoDB: Connected[39m
[32m        🔴 Redis: Connected [39m
[32m[39m
2025-10-22 00:04:42 [[32minfo[39m]: [32mMongoDB connected Successfully[39m
2025-10-22 00:04:42 [[32minfo[39m]: [32m[39m
[32m        🚀 SERVER STARTED SUCCESSFULLY[39m
[32m        Environment: DEVELOPMENT                               [39m
[32m        Port: 5000                                              [39m
[32m        URL: http://localhost:5000                                 [39m

[32m        📡 Socket.io: Running[39m
[32m        💾 MongoDB: Connected[39m
[32m        🔴 Redis: Connected [39m
[32m[39m
2025-10-22 00:04:43 [[32minfo[39m]: [32mMongoDB connected Successfully[39m
2025-10-22 00:04:43 [[32minfo[39m]: [32m[39m
[32m        🚀 SERVER STARTED SUCCESSFULLY[39m
[32m        Environment: DEVELOPMENT                               [39m
[32m        Port: 5000                                              [39m
[32m        URL: http://localhost:5000                                 [39m

[32m        📡 Socket.io: Running[39m
[32m        💾 MongoDB: Connected[39m
[32m        🔴 Redis: Connected [39m
[32m[39m
2025-10-22 00:04:52 [[32minfo[39m]: [32mMongoDB connected Successfully[39m
2025-10-22 00:04:52 [[32minfo[39m]: [32m[39m
[32m        🚀 SERVER STARTED SUCCESSFULLY[39m
[32m        Environment: DEVELOPMENT                               [39m
[32m        Port: 5000                                              [39m
[32m        URL: http://localhost:5000                                 [39m

[32m        📡 Socket.io: Running[39m
[32m        💾 MongoDB: Connected[39m
[32m        🔴 Redis: Connected [39m
[32m[39m
2025-10-22 00:04:56 [[32minfo[39m]: [32mMongoDB connected Successfully[39m
2025-10-22 00:04:56 [[32minfo[39m]: [32m[39m
[32m        🚀 SERVER STARTED SUCCESSFULLY[39m
[32m        Environment: DEVELOPMENT                               [39m
[32m        Port: 5000                                              [39m
[32m        URL: http://localhost:5000                                 [39m

[32m        📡 Socket.io: Running[39m
[32m        💾 MongoDB: Connected[39m
[32m        🔴 Redis: Connected [39m
[32m[39m
2025-10-22 00:07:22 [[32minfo[39m]: [32mMongoDB connected Successfully[39m
2025-10-22 00:07:22 [[32minfo[39m]: [32m[39m
[32m        🚀 SERVER STARTED SUCCESSFULLY[39m
[32m        Environment: DEVELOPMENT                               [39m
[32m        Port: 5000                                              [39m
[32m        URL: http://localhost:5000                                 [39m

[32m        📡 Socket.io: Running[39m
[32m        💾 MongoDB: Connected[39m
[32m        🔴 Redis: Connected [39m
[32m[39m
2025-10-22 00:07:23 [[32minfo[39m]: [32mMongoDB connected Successfully[39m
2025-10-22 00:07:23 [[32minfo[39m]: [32m[39m
[32m        🚀 SERVER STARTED SUCCESSFULLY[39m
[32m        Environment: DEVELOPMENT                               [39m
[32m        Port: 5000                                              [39m
[32m        URL: http://localhost:5000                                 [39m

[32m        📡 Socket.io: Running[39m
[32m        💾 MongoDB: Connected[39m
[32m        🔴 Redis: Connected [39m
[32m[39m
2025-10-22 00:07:33 [[32minfo[39m]: [32mMongoDB connected Successfully[39m
2025-10-22 00:07:33 [[32minfo[39m]: [32m[39m
[32m        🚀 SERVER STARTED SUCCESSFULLY[39m
[32m        Environment: DEVELOPMENT                               [39m
[32m        Port: 5000                                              [39m
[32m        URL: http://localhost:5000                                 [39m

[32m        📡 Socket.io: Running[39m
[32m        💾 MongoDB: Connected[39m
[32m        🔴 Redis: Connected [39m
[32m[39m
2025-10-22 00:07:38 [[32minfo[39m]: [32mMongoDB connected Successfully[39m
2025-10-22 00:07:38 [[32minfo[39m]: [32m[39m
[32m        🚀 SERVER STARTED SUCCESSFULLY[39m
[32m        Environment: DEVELOPMENT                               [39m
[32m        Port: 5000                                              [39m
[32m        URL: http://localhost:5000                                 [39m

[32m        📡 Socket.io: Running[39m
[32m        💾 MongoDB: Connected[39m
[32m        🔴 Redis: Connected [39m
[32m[39m
2025-10-22 00:07:40 [[32minfo[39m]: [32mMongoDB connected Successfully[39m
2025-10-22 00:07:40 [[32minfo[39m]: [32m[39m
[32m        🚀 SERVER STARTED SUCCESSFULLY[39m
[32m        Environment: DEVELOPMENT                               [39m
[32m        Port: 5000                                              [39m
[32m        URL: http://localhost:5000                                 [39m

[32m        📡 Socket.io: Running[39m
[32m        💾 MongoDB: Connected[39m
[32m        🔴 Redis: Connected [39m
[32m[39m
2025-10-22 00:07:41 [[32minfo[39m]: [32mMongoDB connected Successfully[39m
2025-10-22 00:07:41 [[32minfo[39m]: [32m[39m
[32m        🚀 SERVER STARTED SUCCESSFULLY[39m
[32m        Environment: DEVELOPMENT                               [39m
[32m        Port: 5000                                              [39m
[32m        URL: http://localhost:5000                                 [39m

[32m        📡 Socket.io: Running[39m
[32m        💾 MongoDB: Connected[39m
[32m        🔴 Redis: Connected [39m
[32m[39m
2025-10-22 00:07:45 [[32minfo[39m]: [32mMongoDB connected Successfully[39m
2025-10-22 00:07:45 [[32minfo[39m]: [32m[39m
[32m        🚀 SERVER STARTED SUCCESSFULLY[39m
[32m        Environment: DEVELOPMENT                               [39m
[32m        Port: 5000                                              [39m
[32m        URL: http://localhost:5000                                 [39m

[32m        📡 Socket.io: Running[39m
[32m        💾 MongoDB: Connected[39m
[32m        🔴 Redis: Connected [39m
[32m[39m
2025-10-22 00:07:47 [[32minfo[39m]: [32mMongoDB connected Successfully[39m
2025-10-22 00:07:47 [[32minfo[39m]: [32m[39m
[32m        🚀 SERVER STARTED SUCCESSFULLY[39m
[32m        Environment: DEVELOPMENT                               [39m
[32m        Port: 5000                                              [39m
[32m        URL: http://localhost:5000                                 [39m

[32m        📡 Socket.io: Running[39m
[32m        💾 MongoDB: Connected[39m
[32m        🔴 Redis: Connected [39m
[32m[39m
2025-10-22 00:07:51 [[32minfo[39m]: [32mMongoDB connected Successfully[39m
2025-10-22 00:07:51 [[32minfo[39m]: [32m[39m
[32m        🚀 SERVER STARTED SUCCESSFULLY[39m
[32m        Environment: DEVELOPMENT                               [39m
[32m        Port: 5000                                              [39m
[32m        URL: http://localhost:5000                                 [39m

[32m        📡 Socket.io: Running[39m
[32m        💾 MongoDB: Connected[39m
[32m        🔴 Redis: Connected [39m
[32m[39m
2025-10-22 00:07:55 [[32minfo[39m]: [32mMongoDB connected Successfully[39m
2025-10-22 00:07:55 [[32minfo[39m]: [32m[39m
[32m        🚀 SERVER STARTED SUCCESSFULLY[39m
[32m        Environment: DEVELOPMENT                               [39m
[32m        Port: 5000                                              [39m
[32m        URL: http://localhost:5000                                 [39m

[32m        📡 Socket.io: Running[39m
[32m        💾 MongoDB: Connected[39m
[32m        🔴 Redis: Connected [39m
[32m[39m
2025-10-22 00:08:01 [[32minfo[39m]: [32mMongoDB connected Successfully[39m
2025-10-22 00:08:01 [[32minfo[39m]: [32m[39m
[32m        🚀 SERVER STARTED SUCCESSFULLY[39m
[32m        Environment: DEVELOPMENT                               [39m
[32m        Port: 5000                                              [39m
[32m        URL: http://localhost:5000                                 [39m

[32m        📡 Socket.io: Running[39m
[32m        💾 MongoDB: Connected[39m
[32m        🔴 Redis: Connected [39m
[32m[39m
2025-10-22 00:08:03 [[32minfo[39m]: [32mMongoDB connected Successfully[39m
2025-10-22 00:08:03 [[32minfo[39m]: [32m[39m
[32m        🚀 SERVER STARTED SUCCESSFULLY[39m
[32m        Environment: DEVELOPMENT                               [39m
[32m        Port: 5000                                              [39m
[32m        URL: http://localhost:5000                                 [39m

[32m        📡 Socket.io: Running[39m
[32m        💾 MongoDB: Connected[39m
[32m        🔴 Redis: Connected [39m
[32m[39m
2025-10-22 00:08:08 [[32minfo[39m]: [32mMongoDB connected Successfully[39m
2025-10-22 00:08:08 [[32minfo[39m]: [32m[39m
[32m        🚀 SERVER STARTED SUCCESSFULLY[39m
[32m        Environment: DEVELOPMENT                               [39m
[32m        Port: 5000                                              [39m
[32m        URL: http://localhost:5000                                 [39m

[32m        📡 Socket.io: Running[39m
[32m        💾 MongoDB: Connected[39m
[32m        🔴 Redis: Connected [39m
[32m[39m
2025-10-22 00:08:10 [[32minfo[39m]: [32mMongoDB connected Successfully[39m
2025-10-22 00:08:10 [[32minfo[39m]: [32m[39m
[32m        🚀 SERVER STARTED SUCCESSFULLY[39m
[32m        Environment: DEVELOPMENT                               [39m
[32m        Port: 5000                                              [39m
[32m        URL: http://localhost:5000                                 [39m

[32m        📡 Socket.io: Running[39m
[32m        💾 MongoDB: Connected[39m
[32m        🔴 Redis: Connected [39m
[32m[39m
2025-10-22 00:08:13 [[32minfo[39m]: [32mMongoDB connected Successfully[39m
2025-10-22 00:08:13 [[32minfo[39m]: [32m[39m
[32m        🚀 SERVER STARTED SUCCESSFULLY[39m
[32m        Environment: DEVELOPMENT                               [39m
[32m        Port: 5000                                              [39m
[32m        URL: http://localhost:5000                                 [39m

[32m        📡 Socket.io: Running[39m
[32m        💾 MongoDB: Connected[39m
[32m        🔴 Redis: Connected [39m
[32m[39m
2025-10-22 00:08:20 [[32minfo[39m]: [32mMongoDB connected Successfully[39m
2025-10-22 00:08:20 [[32minfo[39m]: [32m[39m
[32m        🚀 SERVER STARTED SUCCESSFULLY[39m
[32m        Environment: DEVELOPMENT                               [39m
[32m        Port: 5000                                              [39m
[32m        URL: http://localhost:5000                                 [39m

[32m        📡 Socket.io: Running[39m
[32m        💾 MongoDB: Connected[39m
[32m        🔴 Redis: Connected [39m
[32m[39m
2025-10-22 00:08:24 [[32minfo[39m]: [32mMongoDB connected Successfully[39m
2025-10-22 00:08:24 [[32minfo[39m]: [32m[39m
[32m        🚀 SERVER STARTED SUCCESSFULLY[39m
[32m        Environment: DEVELOPMENT                               [39m
[32m        Port: 5000                                              [39m
[32m        URL: http://localhost:5000                                 [39m

[32m        📡 Socket.io: Running[39m
[32m        💾 MongoDB: Connected[39m
[32m        🔴 Redis: Connected [39m
[32m[39m
2025-10-22 00:08:44 [[32minfo[39m]: [32mMongoDB connected Successfully[39m
2025-10-22 00:08:44 [[32minfo[39m]: [32m[39m
[32m        🚀 SERVER STARTED SUCCESSFULLY[39m
[32m        Environment: DEVELOPMENT                               [39m
[32m        Port: 5000                                              [39m
[32m        URL: http://localhost:5000                                 [39m

[32m        📡 Socket.io: Running[39m
[32m        💾 MongoDB: Connected[39m
[32m        🔴 Redis: Connected [39m
[32m[39m
2025-10-22 00:08:46 [[32minfo[39m]: [32mMongoDB connected Successfully[39m
2025-10-22 00:08:46 [[32minfo[39m]: [32m[39m
[32m        🚀 SERVER STARTED SUCCESSFULLY[39m
[32m        Environment: DEVELOPMENT                               [39m
[32m        Port: 5000                                              [39m
[32m        URL: http://localhost:5000                                 [39m

[32m        📡 Socket.io: Running[39m
[32m        💾 MongoDB: Connected[39m
[32m        🔴 Redis: Connected [39m
[32m[39m
2025-10-22 00:08:53 [[32minfo[39m]: [32mMongoDB connected Successfully[39m
2025-10-22 00:08:54 [[32minfo[39m]: [32m[39m
[32m        🚀 SERVER STARTED SUCCESSFULLY[39m
[32m        Environment: DEVELOPMENT                               [39m
[32m        Port: 5000                                              [39m
[32m        URL: http://localhost:5000                                 [39m

[32m        📡 Socket.io: Running[39m
[32m        💾 MongoDB: Connected[39m
[32m        🔴 Redis: Connected [39m
[32m[39m
2025-10-22 00:08:55 [[32minfo[39m]: [32mMongoDB connected Successfully[39m
2025-10-22 00:08:55 [[32minfo[39m]: [32m[39m
[32m        🚀 SERVER STARTED SUCCESSFULLY[39m
[32m        Environment: DEVELOPMENT                               [39m
[32m        Port: 5000                                              [39m
[32m        URL: http://localhost:5000                                 [39m

[32m        📡 Socket.io: Running[39m
[32m        💾 MongoDB: Connected[39m
[32m        🔴 Redis: Connected [39m
[32m[39m
2025-10-22 00:08:57 [[32minfo[39m]: [32mMongoDB connected Successfully[39m
2025-10-22 00:08:57 [[32minfo[39m]: [32m[39m
[32m        🚀 SERVER STARTED SUCCESSFULLY[39m
[32m        Environment: DEVELOPMENT                               [39m
[32m        Port: 5000                                              [39m
[32m        URL: http://localhost:5000                                 [39m

[32m        📡 Socket.io: Running[39m
[32m        💾 MongoDB: Connected[39m
[32m        🔴 Redis: Connected [39m
[32m[39m
2025-10-22 00:08:59 [[32minfo[39m]: [32mMongoDB connected Successfully[39m
2025-10-22 00:08:59 [[32minfo[39m]: [32m[39m
[32m        🚀 SERVER STARTED SUCCESSFULLY[39m
[32m        Environment: DEVELOPMENT                               [39m
[32m        Port: 5000                                              [39m
[32m        URL: http://localhost:5000                                 [39m

[32m        📡 Socket.io: Running[39m
[32m        💾 MongoDB: Connected[39m
[32m        🔴 Redis: Connected [39m
[32m[39m
2025-10-22 00:09:01 [[32minfo[39m]: [32mMongoDB connected Successfully[39m
2025-10-22 00:09:01 [[32minfo[39m]: [32m[39m
[32m        🚀 SERVER STARTED SUCCESSFULLY[39m
[32m        Environment: DEVELOPMENT                               [39m
[32m        Port: 5000                                              [39m
[32m        URL: http://localhost:5000                                 [39m

[32m        📡 Socket.io: Running[39m
[32m        💾 MongoDB: Connected[39m
[32m        🔴 Redis: Connected [39m
[32m[39m
2025-10-22 00:09:04 [[32minfo[39m]: [32mMongoDB connected Successfully[39m
2025-10-22 00:09:04 [[32minfo[39m]: [32m[39m
[32m        🚀 SERVER STARTED SUCCESSFULLY[39m
[32m        Environment: DEVELOPMENT                               [39m
[32m        Port: 5000                                              [39m
[32m        URL: http://localhost:5000                                 [39m

[32m        📡 Socket.io: Running[39m
[32m        💾 MongoDB: Connected[39m
[32m        🔴 Redis: Connected [39m
[32m[39m
2025-10-22 00:09:08 [[32minfo[39m]: [32mMongoDB connected Successfully[39m
2025-10-22 00:09:08 [[32minfo[39m]: [32m[39m
[32m        🚀 SERVER STARTED SUCCESSFULLY[39m
[32m        Environment: DEVELOPMENT                               [39m
[32m        Port: 5000                                              [39m
[32m        URL: http://localhost:5000                                 [39m

[32m        📡 Socket.io: Running[39m
[32m        💾 MongoDB: Connected[39m
[32m        🔴 Redis: Connected [39m
[32m[39m
2025-10-22 00:09:09 [[32minfo[39m]: [32mMongoDB connected Successfully[39m
2025-10-22 00:09:09 [[32minfo[39m]: [32m[39m
[32m        🚀 SERVER STARTED SUCCESSFULLY[39m
[32m        Environment: DEVELOPMENT                               [39m
[32m        Port: 5000                                              [39m
[32m        URL: http://localhost:5000                                 [39m

[32m        📡 Socket.io: Running[39m
[32m        💾 MongoDB: Connected[39m
[32m        🔴 Redis: Connected [39m
[32m[39m
2025-10-22 00:09:16 [[32minfo[39m]: [32mMongoDB connected Successfully[39m
2025-10-22 00:09:16 [[32minfo[39m]: [32m[39m
[32m        🚀 SERVER STARTED SUCCESSFULLY[39m
[32m        Environment: DEVELOPMENT                               [39m
[32m        Port: 5000                                              [39m
[32m        URL: http://localhost:5000                                 [39m

[32m        📡 Socket.io: Running[39m
[32m        💾 MongoDB: Connected[39m
[32m        🔴 Redis: Connected [39m
[32m[39m
2025-10-22 00:09:24 [[32minfo[39m]: [32mMongoDB connected Successfully[39m
2025-10-22 00:09:24 [[32minfo[39m]: [32m[39m
[32m        🚀 SERVER STARTED SUCCESSFULLY[39m
[32m        Environment: DEVELOPMENT                               [39m
[32m        Port: 5000                                              [39m
[32m        URL: http://localhost:5000                                 [39m

[32m        📡 Socket.io: Running[39m
[32m        💾 MongoDB: Connected[39m
[32m        🔴 Redis: Connected [39m
[32m[39m
2025-10-22 00:09:26 [[32minfo[39m]: [32mMongoDB connected Successfully[39m
2025-10-22 00:09:26 [[32minfo[39m]: [32m[39m
[32m        🚀 SERVER STARTED SUCCESSFULLY[39m
[32m        Environment: DEVELOPMENT                               [39m
[32m        Port: 5000                                              [39m
[32m        URL: http://localhost:5000                                 [39m

[32m        📡 Socket.io: Running[39m
[32m        💾 MongoDB: Connected[39m
[32m        🔴 Redis: Connected [39m
[32m[39m
2025-10-22 00:09:30 [[32minfo[39m]: [32mMongoDB connected Successfully[39m
2025-10-22 00:09:30 [[32minfo[39m]: [32m[39m
[32m        🚀 SERVER STARTED SUCCESSFULLY[39m
[32m        Environment: DEVELOPMENT                               [39m
[32m        Port: 5000                                              [39m
[32m        URL: http://localhost:5000                                 [39m

[32m        📡 Socket.io: Running[39m
[32m        💾 MongoDB: Connected[39m
[32m        🔴 Redis: Connected [39m
[32m[39m
2025-10-22 00:09:33 [[32minfo[39m]: [32mMongoDB connected Successfully[39m
2025-10-22 00:09:33 [[32minfo[39m]: [32m[39m
[32m        🚀 SERVER STARTED SUCCESSFULLY[39m
[32m        Environment: DEVELOPMENT                               [39m
[32m        Port: 5000                                              [39m
[32m        URL: http://localhost:5000                                 [39m

[32m        📡 Socket.io: Running[39m
[32m        💾 MongoDB: Connected[39m
[32m        🔴 Redis: Connected [39m
[32m[39m
2025-10-22 00:09:36 [[32minfo[39m]: [32mMongoDB connected Successfully[39m
2025-10-22 00:09:36 [[32minfo[39m]: [32m[39m
[32m        🚀 SERVER STARTED SUCCESSFULLY[39m
[32m        Environment: DEVELOPMENT                               [39m
[32m        Port: 5000                                              [39m
[32m        URL: http://localhost:5000                                 [39m

[32m        📡 Socket.io: Running[39m
[32m        💾 MongoDB: Connected[39m
[32m        🔴 Redis: Connected [39m
[32m[39m
2025-10-22 00:09:40 [[32minfo[39m]: [32mMongoDB connected Successfully[39m
2025-10-22 00:09:40 [[32minfo[39m]: [32m[39m
[32m        🚀 SERVER STARTED SUCCESSFULLY[39m
[32m        Environment: DEVELOPMENT                               [39m
[32m        Port: 5000                                              [39m
[32m        URL: http://localhost:5000                                 [39m

[32m        📡 Socket.io: Running[39m
[32m        💾 MongoDB: Connected[39m
[32m        🔴 Redis: Connected [39m
[32m[39m
2025-10-22 00:09:46 [[32minfo[39m]: [32mMongoDB connected Successfully[39m
2025-10-22 00:09:46 [[32minfo[39m]: [32m[39m
[32m        🚀 SERVER STARTED SUCCESSFULLY[39m
[32m        Environment: DEVELOPMENT                               [39m
[32m        Port: 5000                                              [39m
[32m        URL: http://localhost:5000                                 [39m

[32m        📡 Socket.io: Running[39m
[32m        💾 MongoDB: Connected[39m
[32m        🔴 Redis: Connected [39m
[32m[39m
2025-10-22 00:09:49 [[32minfo[39m]: [32mMongoDB connected Successfully[39m
2025-10-22 00:09:49 [[32minfo[39m]: [32m[39m
[32m        🚀 SERVER STARTED SUCCESSFULLY[39m
[32m        Environment: DEVELOPMENT                               [39m
[32m        Port: 5000                                              [39m
[32m        URL: http://localhost:5000                                 [39m

[32m        📡 Socket.io: Running[39m
[32m        💾 MongoDB: Connected[39m
[32m        🔴 Redis: Connected [39m
[32m[39m
2025-10-22 00:09:56 [[32minfo[39m]: [32mMongoDB connected Successfully[39m
2025-10-22 00:09:56 [[32minfo[39m]: [32m[39m
[32m        🚀 SERVER STARTED SUCCESSFULLY[39m
[32m        Environment: DEVELOPMENT                               [39m
[32m        Port: 5000                                              [39m
[32m        URL: http://localhost:5000                                 [39m

[32m        📡 Socket.io: Running[39m
[32m        💾 MongoDB: Connected[39m
[32m        🔴 Redis: Connected [39m
[32m[39m
2025-10-22 00:09:57 [[32minfo[39m]: [32mMongoDB connected Successfully[39m
2025-10-22 00:09:57 [[32minfo[39m]: [32m[39m
[32m        🚀 SERVER STARTED SUCCESSFULLY[39m
[32m        Environment: DEVELOPMENT                               [39m
[32m        Port: 5000                                              [39m
[32m        URL: http://localhost:5000                                 [39m

[32m        📡 Socket.io: Running[39m
[32m        💾 MongoDB: Connected[39m
[32m        🔴 Redis: Connected [39m
[32m[39m
2025-10-22 00:10:05 [[32minfo[39m]: [32mMongoDB connected Successfully[39m
2025-10-22 00:10:05 [[32minfo[39m]: [32m[39m
[32m        🚀 SERVER STARTED SUCCESSFULLY[39m
[32m        Environment: DEVELOPMENT                               [39m
[32m        Port: 5000                                              [39m
[32m        URL: http://localhost:5000                                 [39m

[32m        📡 Socket.io: Running[39m
[32m        💾 MongoDB: Connected[39m
[32m        🔴 Redis: Connected [39m
[32m[39m
2025-10-22 00:10:11 [[32minfo[39m]: [32mMongoDB connected Successfully[39m
2025-10-22 00:10:11 [[32minfo[39m]: [32m[39m
[32m        🚀 SERVER STARTED SUCCESSFULLY[39m
[32m        Environment: DEVELOPMENT                               [39m
[32m        Port: 5000                                              [39m
[32m        URL: http://localhost:5000                                 [39m

[32m        📡 Socket.io: Running[39m
[32m        💾 MongoDB: Connected[39m
[32m        🔴 Redis: Connected [39m
[32m[39m
2025-10-22 00:10:15 [[32minfo[39m]: [32mMongoDB connected Successfully[39m
2025-10-22 00:10:15 [[32minfo[39m]: [32m[39m
[32m        🚀 SERVER STARTED SUCCESSFULLY[39m
[32m        Environment: DEVELOPMENT                               [39m
[32m        Port: 5000                                              [39m
[32m        URL: http://localhost:5000                                 [39m

[32m        📡 Socket.io: Running[39m
[32m        💾 MongoDB: Connected[39m
[32m        🔴 Redis: Connected [39m
[32m[39m
2025-10-22 00:10:22 [[32minfo[39m]: [32mMongoDB connected Successfully[39m
2025-10-22 00:10:22 [[32minfo[39m]: [32m[39m
[32m        🚀 SERVER STARTED SUCCESSFULLY[39m
[32m        Environment: DEVELOPMENT                               [39m
[32m        Port: 5000                                              [39m
[32m        URL: http://localhost:5000                                 [39m

[32m        📡 Socket.io: Running[39m
[32m        💾 MongoDB: Connected[39m
[32m        🔴 Redis: Connected [39m
[32m[39m
2025-10-22 00:10:24 [[32minfo[39m]: [32mMongoDB connected Successfully[39m
2025-10-22 00:10:24 [[32minfo[39m]: [32m[39m
[32m        🚀 SERVER STARTED SUCCESSFULLY[39m
[32m        Environment: DEVELOPMENT                               [39m
[32m        Port: 5000                                              [39m
[32m        URL: http://localhost:5000                                 [39m

[32m        📡 Socket.io: Running[39m
[32m        💾 MongoDB: Connected[39m
[32m        🔴 Redis: Connected [39m
[32m[39m
2025-10-22 00:10:30 [[32minfo[39m]: [32mMongoDB connected Successfully[39m
2025-10-22 00:10:30 [[32minfo[39m]: [32m[39m
[32m        🚀 SERVER STARTED SUCCESSFULLY[39m
[32m        Environment: DEVELOPMENT                               [39m
[32m        Port: 5000                                              [39m
[32m        URL: http://localhost:5000                                 [39m

[32m        📡 Socket.io: Running[39m
[32m        💾 MongoDB: Connected[39m
[32m        🔴 Redis: Connected [39m
[32m[39m
2025-10-22 00:10:35 [[32minfo[39m]: [32mMongoDB connected Successfully[39m
2025-10-22 00:10:35 [[32minfo[39m]: [32m[39m
[32m        🚀 SERVER STARTED SUCCESSFULLY[39m
[32m        Environment: DEVELOPMENT                               [39m
[32m        Port: 5000                                              [39m
[32m        URL: http://localhost:5000                                 [39m

[32m        📡 Socket.io: Running[39m
[32m        💾 MongoDB: Connected[39m
[32m        🔴 Redis: Connected [39m
[32m[39m
2025-10-22 00:10:36 [[32minfo[39m]: [32mMongoDB connected Successfully[39m
2025-10-22 00:10:36 [[32minfo[39m]: [32m[39m
[32m        🚀 SERVER STARTED SUCCESSFULLY[39m
[32m        Environment: DEVELOPMENT                               [39m
[32m        Port: 5000                                              [39m
[32m        URL: http://localhost:5000                                 [39m

[32m        📡 Socket.io: Running[39m
[32m        💾 MongoDB: Connected[39m
[32m        🔴 Redis: Connected [39m
[32m[39m
2025-10-22 00:10:43 [[32minfo[39m]: [32mMongoDB connected Successfully[39m
2025-10-22 00:10:43 [[32minfo[39m]: [32m[39m
[32m        🚀 SERVER STARTED SUCCESSFULLY[39m
[32m        Environment: DEVELOPMENT                               [39m
[32m        Port: 5000                                              [39m
[32m        URL: http://localhost:5000                                 [39m

[32m        📡 Socket.io: Running[39m
[32m        💾 MongoDB: Connected[39m
[32m        🔴 Redis: Connected [39m
[32m[39m
2025-10-22 00:10:50 [[32minfo[39m]: [32mMongoDB connected Successfully[39m
2025-10-22 00:10:50 [[32minfo[39m]: [32m[39m
[32m        🚀 SERVER STARTED SUCCESSFULLY[39m
[32m        Environment: DEVELOPMENT                               [39m
[32m        Port: 5000                                              [39m
[32m        URL: http://localhost:5000                                 [39m

[32m        📡 Socket.io: Running[39m
[32m        💾 MongoDB: Connected[39m
[32m        🔴 Redis: Connected [39m
[32m[39m
2025-10-22 00:10:51 [[32minfo[39m]: [32mMongoDB connected Successfully[39m
2025-10-22 00:10:51 [[32minfo[39m]: [32m[39m
[32m        🚀 SERVER STARTED SUCCESSFULLY[39m
[32m        Environment: DEVELOPMENT                               [39m
[32m        Port: 5000                                              [39m
[32m        URL: http://localhost:5000                                 [39m

[32m        📡 Socket.io: Running[39m
[32m        💾 MongoDB: Connected[39m
[32m        🔴 Redis: Connected [39m
[32m[39m
2025-10-22 00:11:02 [[32minfo[39m]: [32mMongoDB connected Successfully[39m
2025-10-22 00:11:02 [[32minfo[39m]: [32m[39m
[32m        🚀 SERVER STARTED SUCCESSFULLY[39m
[32m        Environment: DEVELOPMENT                               [39m
[32m        Port: 5000                                              [39m
[32m        URL: http://localhost:5000                                 [39m

[32m        📡 Socket.io: Running[39m
[32m        💾 MongoDB: Connected[39m
[32m        🔴 Redis: Connected [39m
[32m[39m
2025-10-22 00:11:06 [[32minfo[39m]: [32mMongoDB connected Successfully[39m
2025-10-22 00:11:06 [[32minfo[39m]: [32m[39m
[32m        🚀 SERVER STARTED SUCCESSFULLY[39m
[32m        Environment: DEVELOPMENT                               [39m
[32m        Port: 5000                                              [39m
[32m        URL: http://localhost:5000                                 [39m

[32m        📡 Socket.io: Running[39m
[32m        💾 MongoDB: Connected[39m
[32m        🔴 Redis: Connected [39m
[32m[39m
2025-10-22 00:11:46 [[32minfo[39m]: [32mMongoDB connected Successfully[39m
2025-10-22 00:11:46 [[32minfo[39m]: [32m[39m
[32m        🚀 SERVER STARTED SUCCESSFULLY[39m
[32m        Environment: DEVELOPMENT                               [39m
[32m        Port: 5000                                              [39m
[32m        URL: http://localhost:5000                                 [39m

[32m        📡 Socket.io: Running[39m
[32m        💾 MongoDB: Connected[39m
[32m        🔴 Redis: Connected [39m
[32m[39m
2025-10-22 00:11:48 [[32minfo[39m]: [32mMongoDB connected Successfully[39m
2025-10-22 00:11:48 [[32minfo[39m]: [32m[39m
[32m        🚀 SERVER STARTED SUCCESSFULLY[39m
[32m        Environment: DEVELOPMENT                               [39m
[32m        Port: 5000                                              [39m
[32m        URL: http://localhost:5000                                 [39m

[32m        📡 Socket.io: Running[39m
[32m        💾 MongoDB: Connected[39m
[32m        🔴 Redis: Connected [39m
[32m[39m
2025-10-22 00:11:55 [[32minfo[39m]: [32mMongoDB connected Successfully[39m
2025-10-22 00:11:55 [[32minfo[39m]: [32m[39m
[32m        🚀 SERVER STARTED SUCCESSFULLY[39m
[32m        Environment: DEVELOPMENT                               [39m
[32m        Port: 5000                                              [39m
[32m        URL: http://localhost:5000                                 [39m

[32m        📡 Socket.io: Running[39m
[32m        💾 MongoDB: Connected[39m
[32m        🔴 Redis: Connected [39m
[32m[39m
2025-10-22 00:11:56 [[32minfo[39m]: [32mMongoDB connected Successfully[39m
2025-10-22 00:11:56 [[32minfo[39m]: [32m[39m
[32m        🚀 SERVER STARTED SUCCESSFULLY[39m
[32m        Environment: DEVELOPMENT                               [39m
[32m        Port: 5000                                              [39m
[32m        URL: http://localhost:5000                                 [39m

[32m        📡 Socket.io: Running[39m
[32m        💾 MongoDB: Connected[39m
[32m        🔴 Redis: Connected [39m
[32m[39m
2025-10-22 00:12:02 [[32minfo[39m]: [32mMongoDB connected Successfully[39m
2025-10-22 00:12:02 [[32minfo[39m]: [32m[39m
[32m        🚀 SERVER STARTED SUCCESSFULLY[39m
[32m        Environment: DEVELOPMENT                               [39m
[32m        Port: 5000                                              [39m
[32m        URL: http://localhost:5000                                 [39m

[32m        📡 Socket.io: Running[39m
[32m        💾 MongoDB: Connected[39m
[32m        🔴 Redis: Connected [39m
[32m[39m
2025-10-22 00:12:08 [[32minfo[39m]: [32mMongoDB connected Successfully[39m
2025-10-22 00:12:08 [[32minfo[39m]: [32m[39m
[32m        🚀 SERVER STARTED SUCCESSFULLY[39m
[32m        Environment: DEVELOPMENT                               [39m
[32m        Port: 5000                                              [39m
[32m        URL: http://localhost:5000                                 [39m

[32m        📡 Socket.io: Running[39m
[32m        💾 MongoDB: Connected[39m
[32m        🔴 Redis: Connected [39m
[32m[39m
2025-10-22 00:12:10 [[32minfo[39m]: [32mMongoDB connected Successfully[39m
2025-10-22 00:12:10 [[32minfo[39m]: [32m[39m
[32m        🚀 SERVER STARTED SUCCESSFULLY[39m
[32m        Environment: DEVELOPMENT                               [39m
[32m        Port: 5000                                              [39m
[32m        URL: http://localhost:5000                                 [39m

[32m        📡 Socket.io: Running[39m
[32m        💾 MongoDB: Connected[39m
[32m        🔴 Redis: Connected [39m
[32m[39m
2025-10-22 00:12:21 [[32minfo[39m]: [32mMongoDB connected Successfully[39m
2025-10-22 00:12:21 [[32minfo[39m]: [32m[39m
[32m        🚀 SERVER STARTED SUCCESSFULLY[39m
[32m        Environment: DEVELOPMENT                               [39m
[32m        Port: 5000                                              [39m
[32m        URL: http://localhost:5000                                 [39m

[32m        📡 Socket.io: Running[39m
[32m        💾 MongoDB: Connected[39m
[32m        🔴 Redis: Connected [39m
[32m[39m
2025-10-22 00:12:32 [[32minfo[39m]: [32mMongoDB connected Successfully[39m
2025-10-22 00:12:32 [[32minfo[39m]: [32m[39m
[32m        🚀 SERVER STARTED SUCCESSFULLY[39m
[32m        Environment: DEVELOPMENT                               [39m
[32m        Port: 5000                                              [39m
[32m        URL: http://localhost:5000                                 [39m

[32m        📡 Socket.io: Running[39m
[32m        💾 MongoDB: Connected[39m
[32m        🔴 Redis: Connected [39m
[32m[39m
2025-10-22 00:12:35 [[32minfo[39m]: [32mMongoDB connected Successfully[39m
2025-10-22 00:12:35 [[32minfo[39m]: [32m[39m
[32m        🚀 SERVER STARTED SUCCESSFULLY[39m
[32m        Environment: DEVELOPMENT                               [39m
[32m        Port: 5000                                              [39m
[32m        URL: http://localhost:5000                                 [39m

[32m        📡 Socket.io: Running[39m
[32m        💾 MongoDB: Connected[39m
[32m        🔴 Redis: Connected [39m
[32m[39m
2025-10-22 00:12:40 [[32minfo[39m]: [32mMongoDB connected Successfully[39m
2025-10-22 00:12:40 [[32minfo[39m]: [32m[39m
[32m        🚀 SERVER STARTED SUCCESSFULLY[39m
[32m        Environment: DEVELOPMENT                               [39m
[32m        Port: 5000                                              [39m
[32m        URL: http://localhost:5000                                 [39m

[32m        📡 Socket.io: Running[39m
[32m        💾 MongoDB: Connected[39m
[32m        🔴 Redis: Connected [39m
[32m[39m
2025-10-22 00:12:43 [[32minfo[39m]: [32mMongoDB connected Successfully[39m
2025-10-22 00:12:43 [[32minfo[39m]: [32m[39m
[32m        🚀 SERVER STARTED SUCCESSFULLY[39m
[32m        Environment: DEVELOPMENT                               [39m
[32m        Port: 5000                                              [39m
[32m        URL: http://localhost:5000                                 [39m

[32m        📡 Socket.io: Running[39m
[32m        💾 MongoDB: Connected[39m
[32m        🔴 Redis: Connected [39m
[32m[39m
2025-10-22 00:12:45 [[32minfo[39m]: [32mMongoDB connected Successfully[39m
2025-10-22 00:12:45 [[32minfo[39m]: [32m[39m
[32m        🚀 SERVER STARTED SUCCESSFULLY[39m
[32m        Environment: DEVELOPMENT                               [39m
[32m        Port: 5000                                              [39m
[32m        URL: http://localhost:5000                                 [39m

[32m        📡 Socket.io: Running[39m
[32m        💾 MongoDB: Connected[39m
[32m        🔴 Redis: Connected [39m
[32m[39m
2025-10-22 00:12:49 [[32minfo[39m]: [32mMongoDB connected Successfully[39m
2025-10-22 00:12:49 [[32minfo[39m]: [32m[39m
[32m        🚀 SERVER STARTED SUCCESSFULLY[39m
[32m        Environment: DEVELOPMENT                               [39m
[32m        Port: 5000                                              [39m
[32m        URL: http://localhost:5000                                 [39m

[32m        📡 Socket.io: Running[39m
[32m        💾 MongoDB: Connected[39m
[32m        🔴 Redis: Connected [39m
[32m[39m
2025-10-22 00:12:52 [[32minfo[39m]: [32mMongoDB connected Successfully[39m
2025-10-22 00:12:52 [[32minfo[39m]: [32m[39m
[32m        🚀 SERVER STARTED SUCCESSFULLY[39m
[32m        Environment: DEVELOPMENT                               [39m
[32m        Port: 5000                                              [39m
[32m        URL: http://localhost:5000                                 [39m

[32m        📡 Socket.io: Running[39m
[32m        💾 MongoDB: Connected[39m
[32m        🔴 Redis: Connected [39m
[32m[39m
2025-10-22 00:12:53 [[32minfo[39m]: [32mMongoDB connected Successfully[39m
2025-10-22 00:12:53 [[32minfo[39m]: [32m[39m
[32m        🚀 SERVER STARTED SUCCESSFULLY[39m
[32m        Environment: DEVELOPMENT                               [39m
[32m        Port: 5000                                              [39m
[32m        URL: http://localhost:5000                                 [39m

[32m        📡 Socket.io: Running[39m
[32m        💾 MongoDB: Connected[39m
[32m        🔴 Redis: Connected [39m
[32m[39m
2025-10-22 00:12:58 [[32minfo[39m]: [32mMongoDB connected Successfully[39m
2025-10-22 00:12:58 [[32minfo[39m]: [32m[39m
[32m        🚀 SERVER STARTED SUCCESSFULLY[39m
[32m        Environment: DEVELOPMENT                               [39m
[32m        Port: 5000                                              [39m
[32m        URL: http://localhost:5000                                 [39m

[32m        📡 Socket.io: Running[39m
[32m        💾 MongoDB: Connected[39m
[32m        🔴 Redis: Connected [39m
[32m[39m
2025-10-22 00:13:05 [[32minfo[39m]: [32mMongoDB connected Successfully[39m
2025-10-22 00:13:05 [[32minfo[39m]: [32m[39m
[32m        🚀 SERVER STARTED SUCCESSFULLY[39m
[32m        Environment: DEVELOPMENT                               [39m
[32m        Port: 5000                                              [39m
[32m        URL: http://localhost:5000                                 [39m

[32m        📡 Socket.io: Running[39m
[32m        💾 MongoDB: Connected[39m
[32m        🔴 Redis: Connected [39m
[32m[39m
2025-10-22 00:13:12 [[32minfo[39m]: [32mMongoDB connected Successfully[39m
2025-10-22 00:13:12 [[32minfo[39m]: [32m[39m
[32m        🚀 SERVER STARTED SUCCESSFULLY[39m
[32m        Environment: DEVELOPMENT                               [39m
[32m        Port: 5000                                              [39m
[32m        URL: http://localhost:5000                                 [39m

[32m        📡 Socket.io: Running[39m
[32m        💾 MongoDB: Connected[39m
[32m        🔴 Redis: Connected [39m
[32m[39m
2025-10-22 00:13:26 [[32minfo[39m]: [32mMongoDB connected Successfully[39m
2025-10-22 00:13:26 [[32minfo[39m]: [32m[39m
[32m        🚀 SERVER STARTED SUCCESSFULLY[39m
[32m        Environment: DEVELOPMENT                               [39m
[32m        Port: 5000                                              [39m
[32m        URL: http://localhost:5000                                 [39m

[32m        📡 Socket.io: Running[39m
[32m        💾 MongoDB: Connected[39m
[32m        🔴 Redis: Connected [39m
[32m[39m
2025-10-22 00:13:28 [[32minfo[39m]: [32mMongoDB connected Successfully[39m
2025-10-22 00:13:28 [[32minfo[39m]: [32m[39m
[32m        🚀 SERVER STARTED SUCCESSFULLY[39m
[32m        Environment: DEVELOPMENT                               [39m
[32m        Port: 5000                                              [39m
[32m        URL: http://localhost:5000                                 [39m

[32m        📡 Socket.io: Running[39m
[32m        💾 MongoDB: Connected[39m
[32m        🔴 Redis: Connected [39m
[32m[39m
2025-10-22 00:13:43 [[32minfo[39m]: [32mMongoDB connected Successfully[39m
2025-10-22 00:13:43 [[32minfo[39m]: [32m[39m
[32m        🚀 SERVER STARTED SUCCESSFULLY[39m
[32m        Environment: DEVELOPMENT                               [39m
[32m        Port: 5000                                              [39m
[32m        URL: http://localhost:5000                                 [39m

[32m        📡 Socket.io: Running[39m
[32m        💾 MongoDB: Connected[39m
[32m        🔴 Redis: Connected [39m
[32m[39m
2025-10-22 00:13:50 [[32minfo[39m]: [32mMongoDB connected Successfully[39m
2025-10-22 00:13:50 [[32minfo[39m]: [32m[39m
[32m        🚀 SERVER STARTED SUCCESSFULLY[39m
[32m        Environment: DEVELOPMENT                               [39m
[32m        Port: 5000                                              [39m
[32m        URL: http://localhost:5000                                 [39m

[32m        📡 Socket.io: Running[39m
[32m        💾 MongoDB: Connected[39m
[32m        🔴 Redis: Connected [39m
[32m[39m
2025-10-22 00:13:53 [[32minfo[39m]: [32mMongoDB connected Successfully[39m
2025-10-22 00:13:53 [[32minfo[39m]: [32m[39m
[32m        🚀 SERVER STARTED SUCCESSFULLY[39m
[32m        Environment: DEVELOPMENT                               [39m
[32m        Port: 5000                                              [39m
[32m        URL: http://localhost:5000                                 [39m

[32m        📡 Socket.io: Running[39m
[32m        💾 MongoDB: Connected[39m
[32m        🔴 Redis: Connected [39m
[32m[39m
2025-10-22 00:14:00 [[32minfo[39m]: [32mMongoDB connected Successfully[39m
2025-10-22 00:14:00 [[32minfo[39m]: [32m[39m
[32m        🚀 SERVER STARTED SUCCESSFULLY[39m
[32m        Environment: DEVELOPMENT                               [39m
[32m        Port: 5000                                              [39m
[32m        URL: http://localhost:5000                                 [39m

[32m        📡 Socket.io: Running[39m
[32m        💾 MongoDB: Connected[39m
[32m        🔴 Redis: Connected [39m
[32m[39m
2025-10-22 00:14:05 [[32minfo[39m]: [32mMongoDB connected Successfully[39m
2025-10-22 00:14:05 [[32minfo[39m]: [32m[39m
[32m        🚀 SERVER STARTED SUCCESSFULLY[39m
[32m        Environment: DEVELOPMENT                               [39m
[32m        Port: 5000                                              [39m
[32m        URL: http://localhost:5000                                 [39m

[32m        📡 Socket.io: Running[39m
[32m        💾 MongoDB: Connected[39m
[32m        🔴 Redis: Connected [39m
[32m[39m
2025-10-22 00:14:09 [[32minfo[39m]: [32mMongoDB connected Successfully[39m
2025-10-22 00:14:09 [[32minfo[39m]: [32m[39m
[32m        🚀 SERVER STARTED SUCCESSFULLY[39m
[32m        Environment: DEVELOPMENT                               [39m
[32m        Port: 5000                                              [39m
[32m        URL: http://localhost:5000                                 [39m

[32m        📡 Socket.io: Running[39m
[32m        💾 MongoDB: Connected[39m
[32m        🔴 Redis: Connected [39m
[32m[39m
2025-10-22 00:14:15 [[32minfo[39m]: [32mMongoDB connected Successfully[39m
2025-10-22 00:14:15 [[32minfo[39m]: [32m[39m
[32m        🚀 SERVER STARTED SUCCESSFULLY[39m
[32m        Environment: DEVELOPMENT                               [39m
[32m        Port: 5000                                              [39m
[32m        URL: http://localhost:5000                                 [39m

[32m        📡 Socket.io: Running[39m
[32m        💾 MongoDB: Connected[39m
[32m        🔴 Redis: Connected [39m
[32m[39m
2025-10-22 00:14:17 [[32minfo[39m]: [32mMongoDB connected Successfully[39m
2025-10-22 00:14:17 [[32minfo[39m]: [32m[39m
[32m        🚀 SERVER STARTED SUCCESSFULLY[39m
[32m        Environment: DEVELOPMENT                               [39m
[32m        Port: 5000                                              [39m
[32m        URL: http://localhost:5000                                 [39m

[32m        📡 Socket.io: Running[39m
[32m        💾 MongoDB: Connected[39m
[32m        🔴 Redis: Connected [39m
[32m[39m
2025-10-22 00:14:27 [[32minfo[39m]: [32mMongoDB connected Successfully[39m
2025-10-22 00:14:27 [[32minfo[39m]: [32m[39m
[32m        🚀 SERVER STARTED SUCCESSFULLY[39m
[32m        Environment: DEVELOPMENT                               [39m
[32m        Port: 5000                                              [39m
[32m        URL: http://localhost:5000                                 [39m

[32m        📡 Socket.io: Running[39m
[32m        💾 MongoDB: Connected[39m
[32m        🔴 Redis: Connected [39m
[32m[39m
2025-10-22 00:14:29 [[32minfo[39m]: [32mMongoDB connected Successfully[39m
2025-10-22 00:14:29 [[32minfo[39m]: [32m[39m
[32m        🚀 SERVER STARTED SUCCESSFULLY[39m
[32m        Environment: DEVELOPMENT                               [39m
[32m        Port: 5000                                              [39m
[32m        URL: http://localhost:5000                                 [39m

[32m        📡 Socket.io: Running[39m
[32m        💾 MongoDB: Connected[39m
[32m        🔴 Redis: Connected [39m
[32m[39m
2025-10-22 00:14:35 [[32minfo[39m]: [32mMongoDB connected Successfully[39m
2025-10-22 00:14:35 [[32minfo[39m]: [32m[39m
[32m        🚀 SERVER STARTED SUCCESSFULLY[39m
[32m        Environment: DEVELOPMENT                               [39m
[32m        Port: 5000                                              [39m
[32m        URL: http://localhost:5000                                 [39m

[32m        📡 Socket.io: Running[39m
[32m        💾 MongoDB: Connected[39m
[32m        🔴 Redis: Connected [39m
[32m[39m
2025-10-22 00:14:36 [[32minfo[39m]: [32mMongoDB connected Successfully[39m
2025-10-22 00:14:36 [[32minfo[39m]: [32m[39m
[32m        🚀 SERVER STARTED SUCCESSFULLY[39m
[32m        Environment: DEVELOPMENT                               [39m
[32m        Port: 5000                                              [39m
[32m        URL: http://localhost:5000                                 [39m

[32m        📡 Socket.io: Running[39m
[32m        💾 MongoDB: Connected[39m
[32m        🔴 Redis: Connected [39m
[32m[39m
2025-10-22 00:14:39 [[32minfo[39m]: [32mMongoDB connected Successfully[39m
2025-10-22 00:14:39 [[32minfo[39m]: [32m[39m
[32m        🚀 SERVER STARTED SUCCESSFULLY[39m
[32m        Environment: DEVELOPMENT                               [39m
[32m        Port: 5000                                              [39m
[32m        URL: http://localhost:5000                                 [39m

[32m        📡 Socket.io: Running[39m
[32m        💾 MongoDB: Connected[39m
[32m        🔴 Redis: Connected [39m
[32m[39m
2025-10-22 00:14:58 [[32minfo[39m]: [32mMongoDB connected Successfully[39m
2025-10-22 00:14:58 [[32minfo[39m]: [32m[39m
[32m        🚀 SERVER STARTED SUCCESSFULLY[39m
[32m        Environment: DEVELOPMENT                               [39m
[32m        Port: 5000                                              [39m
[32m        URL: http://localhost:5000                                 [39m

[32m        📡 Socket.io: Running[39m
[32m        💾 MongoDB: Connected[39m
[32m        🔴 Redis: Connected [39m
[32m[39m
2025-10-22 00:15:05 [[32minfo[39m]: [32mMongoDB connected Successfully[39m
2025-10-22 00:15:05 [[32minfo[39m]: [32m[39m
[32m        🚀 SERVER STARTED SUCCESSFULLY[39m
[32m        Environment: DEVELOPMENT                               [39m
[32m        Port: 5000                                              [39m
[32m        URL: http://localhost:5000                                 [39m

[32m        📡 Socket.io: Running[39m
[32m        💾 MongoDB: Connected[39m
[32m        🔴 Redis: Connected [39m
[32m[39m
2025-10-22 00:15:08 [[32minfo[39m]: [32mMongoDB connected Successfully[39m
2025-10-22 00:15:08 [[32minfo[39m]: [32m[39m
[32m        🚀 SERVER STARTED SUCCESSFULLY[39m
[32m        Environment: DEVELOPMENT                               [39m
[32m        Port: 5000                                              [39m
[32m        URL: http://localhost:5000                                 [39m

[32m        📡 Socket.io: Running[39m
[32m        💾 MongoDB: Connected[39m
[32m        🔴 Redis: Connected [39m
[32m[39m
2025-10-22 00:15:15 [[32minfo[39m]: [32mMongoDB connected Successfully[39m
2025-10-22 00:15:15 [[32minfo[39m]: [32m[39m
[32m        🚀 SERVER STARTED SUCCESSFULLY[39m
[32m        Environment: DEVELOPMENT                               [39m
[32m        Port: 5000                                              [39m
[32m        URL: http://localhost:5000                                 [39m

[32m        📡 Socket.io: Running[39m
[32m        💾 MongoDB: Connected[39m
[32m        🔴 Redis: Connected [39m
[32m[39m
2025-10-22 00:15:18 [[32minfo[39m]: [32mMongoDB connected Successfully[39m
2025-10-22 00:15:18 [[32minfo[39m]: [32m[39m
[32m        🚀 SERVER STARTED SUCCESSFULLY[39m
[32m        Environment: DEVELOPMENT                               [39m
[32m        Port: 5000                                              [39m
[32m        URL: http://localhost:5000                                 [39m

[32m        📡 Socket.io: Running[39m
[32m        💾 MongoDB: Connected[39m
[32m        🔴 Redis: Connected [39m
[32m[39m
2025-10-22 00:15:27 [[32minfo[39m]: [32mMongoDB connected Successfully[39m
2025-10-22 00:15:27 [[32minfo[39m]: [32m[39m
[32m        🚀 SERVER STARTED SUCCESSFULLY[39m
[32m        Environment: DEVELOPMENT                               [39m
[32m        Port: 5000                                              [39m
[32m        URL: http://localhost:5000                                 [39m

[32m        📡 Socket.io: Running[39m
[32m        💾 MongoDB: Connected[39m
[32m        🔴 Redis: Connected [39m
[32m[39m
2025-10-22 00:15:30 [[32minfo[39m]: [32mMongoDB connected Successfully[39m
2025-10-22 00:15:30 [[32minfo[39m]: [32m[39m
[32m        🚀 SERVER STARTED SUCCESSFULLY[39m
[32m        Environment: DEVELOPMENT                               [39m
[32m        Port: 5000                                              [39m
[32m        URL: http://localhost:5000                                 [39m

[32m        📡 Socket.io: Running[39m
[32m        💾 MongoDB: Connected[39m
[32m        🔴 Redis: Connected [39m
[32m[39m
2025-10-22 00:15:35 [[32minfo[39m]: [32mMongoDB connected Successfully[39m
2025-10-22 00:15:35 [[32minfo[39m]: [32m[39m
[32m        🚀 SERVER STARTED SUCCESSFULLY[39m
[32m        Environment: DEVELOPMENT                               [39m
[32m        Port: 5000                                              [39m
[32m        URL: http://localhost:5000                                 [39m

[32m        📡 Socket.io: Running[39m
[32m        💾 MongoDB: Connected[39m
[32m        🔴 Redis: Connected [39m
[32m[39m
2025-10-22 00:15:39 [[32minfo[39m]: [32mMongoDB connected Successfully[39m
2025-10-22 00:15:39 [[32minfo[39m]: [32m[39m
[32m        🚀 SERVER STARTED SUCCESSFULLY[39m
[32m        Environment: DEVELOPMENT                               [39m
[32m        Port: 5000                                              [39m
[32m        URL: http://localhost:5000                                 [39m

[32m        📡 Socket.io: Running[39m
[32m        💾 MongoDB: Connected[39m
[32m        🔴 Redis: Connected [39m
[32m[39m
2025-10-22 00:15:43 [[32minfo[39m]: [32mMongoDB connected Successfully[39m
2025-10-22 00:15:43 [[32minfo[39m]: [32m[39m
[32m        🚀 SERVER STARTED SUCCESSFULLY[39m
[32m        Environment: DEVELOPMENT                               [39m
[32m        Port: 5000                                              [39m
[32m        URL: http://localhost:5000                                 [39m

[32m        📡 Socket.io: Running[39m
[32m        💾 MongoDB: Connected[39m
[32m        🔴 Redis: Connected [39m
[32m[39m
2025-10-22 00:16:18 [[32minfo[39m]: [32mMongoDB connected Successfully[39m
2025-10-22 00:16:18 [[32minfo[39m]: [32m[39m
[32m        🚀 SERVER STARTED SUCCESSFULLY[39m
[32m        Environment: DEVELOPMENT                               [39m
[32m        Port: 5000                                              [39m
[32m        URL: http://localhost:5000                                 [39m

[32m        📡 Socket.io: Running[39m
[32m        💾 MongoDB: Connected[39m
[32m        🔴 Redis: Connected [39m
[32m[39m
2025-10-22 00:16:24 [[32minfo[39m]: [32mMongoDB connected Successfully[39m
2025-10-22 00:16:24 [[32minfo[39m]: [32m[39m
[32m        🚀 SERVER STARTED SUCCESSFULLY[39m
[32m        Environment: DEVELOPMENT                               [39m
[32m        Port: 5000                                              [39m
[32m        URL: http://localhost:5000                                 [39m

[32m        📡 Socket.io: Running[39m
[32m        💾 MongoDB: Connected[39m
[32m        🔴 Redis: Connected [39m
[32m[39m
2025-10-22 00:16:25 [[32minfo[39m]: [32mMongoDB connected Successfully[39m
2025-10-22 00:16:25 [[32minfo[39m]: [32m[39m
[32m        🚀 SERVER STARTED SUCCESSFULLY[39m
[32m        Environment: DEVELOPMENT                               [39m
[32m        Port: 5000                                              [39m
[32m        URL: http://localhost:5000                                 [39m

[32m        📡 Socket.io: Running[39m
[32m        💾 MongoDB: Connected[39m
[32m        🔴 Redis: Connected [39m
[32m[39m
2025-10-22 00:16:32 [[32minfo[39m]: [32mMongoDB connected Successfully[39m
2025-10-22 00:16:32 [[32minfo[39m]: [32m[39m
[32m        🚀 SERVER STARTED SUCCESSFULLY[39m
[32m        Environment: DEVELOPMENT                               [39m
[32m        Port: 5000                                              [39m
[32m        URL: http://localhost:5000                                 [39m

[32m        📡 Socket.io: Running[39m
[32m        💾 MongoDB: Connected[39m
[32m        🔴 Redis: Connected [39m
[32m[39m
2025-10-22 00:16:36 [[32minfo[39m]: [32mMongoDB connected Successfully[39m
2025-10-22 00:16:36 [[32minfo[39m]: [32m[39m
[32m        🚀 SERVER STARTED SUCCESSFULLY[39m
[32m        Environment: DEVELOPMENT                               [39m
[32m        Port: 5000                                              [39m
[32m        URL: http://localhost:5000                                 [39m

[32m        📡 Socket.io: Running[39m
[32m        💾 MongoDB: Connected[39m
[32m        🔴 Redis: Connected [39m
[32m[39m
2025-10-22 00:16:39 [[32minfo[39m]: [32mMongoDB connected Successfully[39m
2025-10-22 00:16:39 [[32minfo[39m]: [32m[39m
[32m        🚀 SERVER STARTED SUCCESSFULLY[39m
[32m        Environment: DEVELOPMENT                               [39m
[32m        Port: 5000                                              [39m
[32m        URL: http://localhost:5000                                 [39m

[32m        📡 Socket.io: Running[39m
[32m        💾 MongoDB: Connected[39m
[32m        🔴 Redis: Connected [39m
[32m[39m
2025-10-22 00:16:52 [[32minfo[39m]: [32mMongoDB connected Successfully[39m
2025-10-22 00:16:52 [[32minfo[39m]: [32m[39m
[32m        🚀 SERVER STARTED SUCCESSFULLY[39m
[32m        Environment: DEVELOPMENT                               [39m
[32m        Port: 5000                                              [39m
[32m        URL: http://localhost:5000                                 [39m

[32m        📡 Socket.io: Running[39m
[32m        💾 MongoDB: Connected[39m
[32m        🔴 Redis: Connected [39m
[32m[39m
2025-10-22 00:16:54 [[32minfo[39m]: [32mMongoDB connected Successfully[39m
2025-10-22 00:16:54 [[32minfo[39m]: [32m[39m
[32m        🚀 SERVER STARTED SUCCESSFULLY[39m
[32m        Environment: DEVELOPMENT                               [39m
[32m        Port: 5000                                              [39m
[32m        URL: http://localhost:5000                                 [39m

[32m        📡 Socket.io: Running[39m
[32m        💾 MongoDB: Connected[39m
[32m        🔴 Redis: Connected [39m
[32m[39m
2025-10-22 00:16:56 [[32minfo[39m]: [32mMongoDB connected Successfully[39m
2025-10-22 00:16:56 [[32minfo[39m]: [32m[39m
[32m        🚀 SERVER STARTED SUCCESSFULLY[39m
[32m        Environment: DEVELOPMENT                               [39m
[32m        Port: 5000                                              [39m
[32m        URL: http://localhost:5000                                 [39m

[32m        📡 Socket.io: Running[39m
[32m        💾 MongoDB: Connected[39m
[32m        🔴 Redis: Connected [39m
[32m[39m
2025-10-22 00:17:02 [[32minfo[39m]: [32mMongoDB connected Successfully[39m
2025-10-22 00:17:02 [[32minfo[39m]: [32m[39m
[32m        🚀 SERVER STARTED SUCCESSFULLY[39m
[32m        Environment: DEVELOPMENT                               [39m
[32m        Port: 5000                                              [39m
[32m        URL: http://localhost:5000                                 [39m

[32m        📡 Socket.io: Running[39m
[32m        💾 MongoDB: Connected[39m
[32m        🔴 Redis: Connected [39m
[32m[39m
2025-10-22 00:17:04 [[32minfo[39m]: [32mMongoDB connected Successfully[39m
2025-10-22 00:17:04 [[32minfo[39m]: [32m[39m
[32m        🚀 SERVER STARTED SUCCESSFULLY[39m
[32m        Environment: DEVELOPMENT                               [39m
[32m        Port: 5000                                              [39m
[32m        URL: http://localhost:5000                                 [39m

[32m        📡 Socket.io: Running[39m
[32m        💾 MongoDB: Connected[39m
[32m        🔴 Redis: Connected [39m
[32m[39m
2025-10-22 00:17:08 [[32minfo[39m]: [32mMongoDB connected Successfully[39m
2025-10-22 00:17:08 [[32minfo[39m]: [32m[39m
[32m        🚀 SERVER STARTED SUCCESSFULLY[39m
[32m        Environment: DEVELOPMENT                               [39m
[32m        Port: 5000                                              [39m
[32m        URL: http://localhost:5000                                 [39m

[32m        📡 Socket.io: Running[39m
[32m        💾 MongoDB: Connected[39m
[32m        🔴 Redis: Connected [39m
[32m[39m
2025-10-22 00:17:18 [[32minfo[39m]: [32mMongoDB connected Successfully[39m
2025-10-22 00:17:18 [[32minfo[39m]: [32m[39m
[32m        🚀 SERVER STARTED SUCCESSFULLY[39m
[32m        Environment: DEVELOPMENT                               [39m
[32m        Port: 5000                                              [39m
[32m        URL: http://localhost:5000                                 [39m

[32m        📡 Socket.io: Running[39m
[32m        💾 MongoDB: Connected[39m
[32m        🔴 Redis: Connected [39m
[32m[39m
2025-10-22 00:17:21 [[32minfo[39m]: [32mMongoDB connected Successfully[39m
2025-10-22 00:17:21 [[32minfo[39m]: [32m[39m
[32m        🚀 SERVER STARTED SUCCESSFULLY[39m
[32m        Environment: DEVELOPMENT                               [39m
[32m        Port: 5000                                              [39m
[32m        URL: http://localhost:5000                                 [39m

[32m        📡 Socket.io: Running[39m
[32m        💾 MongoDB: Connected[39m
[32m        🔴 Redis: Connected [39m
[32m[39m
2025-10-22 00:17:24 [[32minfo[39m]: [32mMongoDB connected Successfully[39m
2025-10-22 00:17:24 [[32minfo[39m]: [32m[39m
[32m        🚀 SERVER STARTED SUCCESSFULLY[39m
[32m        Environment: DEVELOPMENT                               [39m
[32m        Port: 5000                                              [39m
[32m        URL: http://localhost:5000                                 [39m

[32m        📡 Socket.io: Running[39m
[32m        💾 MongoDB: Connected[39m
[32m        🔴 Redis: Connected [39m
[32m[39m
2025-10-22 00:17:32 [[32minfo[39m]: [32mMongoDB connected Successfully[39m
2025-10-22 00:17:32 [[32minfo[39m]: [32m[39m
[32m        🚀 SERVER STARTED SUCCESSFULLY[39m
[32m        Environment: DEVELOPMENT                               [39m
[32m        Port: 5000                                              [39m
[32m        URL: http://localhost:5000                                 [39m

[32m        📡 Socket.io: Running[39m
[32m        💾 MongoDB: Connected[39m
[32m        🔴 Redis: Connected [39m
[32m[39m
2025-10-22 00:17:36 [[32minfo[39m]: [32mMongoDB connected Successfully[39m
2025-10-22 00:17:36 [[32minfo[39m]: [32m[39m
[32m        🚀 SERVER STARTED SUCCESSFULLY[39m
[32m        Environment: DEVELOPMENT                               [39m
[32m        Port: 5000                                              [39m
[32m        URL: http://localhost:5000                                 [39m

[32m        📡 Socket.io: Running[39m
[32m        💾 MongoDB: Connected[39m
[32m        🔴 Redis: Connected [39m
[32m[39m
2025-10-22 00:17:44 [[32minfo[39m]: [32mMongoDB connected Successfully[39m
2025-10-22 00:17:44 [[32minfo[39m]: [32m[39m
[32m        🚀 SERVER STARTED SUCCESSFULLY[39m
[32m        Environment: DEVELOPMENT                               [39m
[32m        Port: 5000                                              [39m
[32m        URL: http://localhost:5000                                 [39m

[32m        📡 Socket.io: Running[39m
[32m        💾 MongoDB: Connected[39m
[32m        🔴 Redis: Connected [39m
[32m[39m
2025-10-22 00:17:47 [[32minfo[39m]: [32mMongoDB connected Successfully[39m
2025-10-22 00:17:47 [[32minfo[39m]: [32m[39m
[32m        🚀 SERVER STARTED SUCCESSFULLY[39m
[32m        Environment: DEVELOPMENT                               [39m
[32m        Port: 5000                                              [39m
[32m        URL: http://localhost:5000                                 [39m

[32m        📡 Socket.io: Running[39m
[32m        💾 MongoDB: Connected[39m
[32m        🔴 Redis: Connected [39m
[32m[39m
2025-10-22 00:17:48 [[32minfo[39m]: [32mMongoDB connected Successfully[39m
2025-10-22 00:17:48 [[32minfo[39m]: [32m[39m
[32m        🚀 SERVER STARTED SUCCESSFULLY[39m
[32m        Environment: DEVELOPMENT                               [39m
[32m        Port: 5000                                              [39m
[32m        URL: http://localhost:5000                                 [39m

[32m        📡 Socket.io: Running[39m
[32m        💾 MongoDB: Connected[39m
[32m        🔴 Redis: Connected [39m
[32m[39m
2025-10-22 00:17:50 [[32minfo[39m]: [32mMongoDB connected Successfully[39m
2025-10-22 00:17:50 [[32minfo[39m]: [32m[39m
[32m        🚀 SERVER STARTED SUCCESSFULLY[39m
[32m        Environment: DEVELOPMENT                               [39m
[32m        Port: 5000                                              [39m
[32m        URL: http://localhost:5000                                 [39m

[32m        📡 Socket.io: Running[39m
[32m        💾 MongoDB: Connected[39m
[32m        🔴 Redis: Connected [39m
[32m[39m
2025-10-22 00:17:52 [[32minfo[39m]: [32mMongoDB connected Successfully[39m
2025-10-22 00:17:52 [[32minfo[39m]: [32m[39m
[32m        🚀 SERVER STARTED SUCCESSFULLY[39m
[32m        Environment: DEVELOPMENT                               [39m
[32m        Port: 5000                                              [39m
[32m        URL: http://localhost:5000                                 [39m

[32m        📡 Socket.io: Running[39m
[32m        💾 MongoDB: Connected[39m
[32m        🔴 Redis: Connected [39m
[32m[39m
2025-10-22 00:17:54 [[32minfo[39m]: [32mMongoDB connected Successfully[39m
2025-10-22 00:17:54 [[32minfo[39m]: [32m[39m
[32m        🚀 SERVER STARTED SUCCESSFULLY[39m
[32m        Environment: DEVELOPMENT                               [39m
[32m        Port: 5000                                              [39m
[32m        URL: http://localhost:5000                                 [39m

[32m        📡 Socket.io: Running[39m
[32m        💾 MongoDB: Connected[39m
[32m        🔴 Redis: Connected [39m
[32m[39m
2025-10-22 00:18:02 [[32minfo[39m]: [32mMongoDB connected Successfully[39m
2025-10-22 00:18:02 [[32minfo[39m]: [32m[39m
[32m        🚀 SERVER STARTED SUCCESSFULLY[39m
[32m        Environment: DEVELOPMENT                               [39m
[32m        Port: 5000                                              [39m
[32m        URL: http://localhost:5000                                 [39m

[32m        📡 Socket.io: Running[39m
[32m        💾 MongoDB: Connected[39m
[32m        🔴 Redis: Connected [39m
[32m[39m
2025-10-22 00:18:05 [[32minfo[39m]: [32mMongoDB connected Successfully[39m
2025-10-22 00:18:05 [[32minfo[39m]: [32m[39m
[32m        🚀 SERVER STARTED SUCCESSFULLY[39m
[32m        Environment: DEVELOPMENT                               [39m
[32m        Port: 5000                                              [39m
[32m        URL: http://localhost:5000                                 [39m

[32m        📡 Socket.io: Running[39m
[32m        💾 MongoDB: Connected[39m
[32m        🔴 Redis: Connected [39m
[32m[39m
2025-10-22 00:18:11 [[32minfo[39m]: [32mMongoDB connected Successfully[39m
2025-10-22 00:18:11 [[32minfo[39m]: [32m[39m
[32m        🚀 SERVER STARTED SUCCESSFULLY[39m
[32m        Environment: DEVELOPMENT                               [39m
[32m        Port: 5000                                              [39m
[32m        URL: http://localhost:5000                                 [39m

[32m        📡 Socket.io: Running[39m
[32m        💾 MongoDB: Connected[39m
[32m        🔴 Redis: Connected [39m
[32m[39m
2025-10-22 00:18:13 [[32minfo[39m]: [32mMongoDB connected Successfully[39m
2025-10-22 00:18:13 [[32minfo[39m]: [32m[39m
[32m        🚀 SERVER STARTED SUCCESSFULLY[39m
[32m        Environment: DEVELOPMENT                               [39m
[32m        Port: 5000                                              [39m
[32m        URL: http://localhost:5000                                 [39m

[32m        📡 Socket.io: Running[39m
[32m        💾 MongoDB: Connected[39m
[32m        🔴 Redis: Connected [39m
[32m[39m
2025-10-22 00:18:54 [[32minfo[39m]: [32mMongoDB connected Successfully[39m
2025-10-22 00:18:54 [[32minfo[39m]: [32m[39m
[32m        🚀 SERVER STARTED SUCCESSFULLY[39m
[32m        Environment: DEVELOPMENT                               [39m
[32m        Port: 5000                                              [39m
[32m        URL: http://localhost:5000                                 [39m

[32m        📡 Socket.io: Running[39m
[32m        💾 MongoDB: Connected[39m
[32m        🔴 Redis: Connected [39m
[32m[39m
2025-10-22 00:19:03 [[32minfo[39m]: [32mMongoDB connected Successfully[39m
2025-10-22 00:19:03 [[32minfo[39m]: [32m[39m
[32m        🚀 SERVER STARTED SUCCESSFULLY[39m
[32m        Environment: DEVELOPMENT                               [39m
[32m        Port: 5000                                              [39m
[32m        URL: http://localhost:5000                                 [39m

[32m        📡 Socket.io: Running[39m
[32m        💾 MongoDB: Connected[39m
[32m        🔴 Redis: Connected [39m
[32m[39m
2025-10-22 00:22:52 [[32minfo[39m]: [32mMongoDB connected Successfully[39m
2025-10-22 00:22:52 [[32minfo[39m]: [32m[39m
[32m        🚀 SERVER STARTED SUCCESSFULLY[39m
[32m        Environment: DEVELOPMENT                               [39m
[32m        Port: 5000                                              [39m
[32m        URL: http://localhost:5000                                 [39m

[32m        📡 Socket.io: Running[39m
[32m        💾 MongoDB: Connected[39m
[32m        🔴 Redis: Connected [39m
[32m[39m
